,0,1,2,3,4,5
0,-154.03223867459022,195.00060466916895,622.9410668434726,460.4176675443106,0.01,0.10553320109600128
1,-153.35445600633415,444.1307676448402,1034.7780574959565,999.9997726698929,0.01,-0.039881673104612304
2,-164.3250603498155,111.45865361501095,427.41917476262483,266.2838995333406,0.13734563347216472,-0.07347619932596555
3,-157.24922192211503,70.4611257855819,353.5425093799399,169.41349129189447,1.8338202080633026,-0.03632930352722894
4,-149.76677476199478,101.82755889593983,455.7188790020141,254.28315526269196,0.01,-0.10024675958742837
5,-151.06540477458734,430.2407188774264,1114.100769833053,1000.0,2.5468588649352206,0.0808493715894259
6,-152.34821748047906,391.99095751395106,1102.1619823386134,946.6309818659357,1.6740868408741114,0.07572427197658041
7,-164.23039456196818,432.88793422693846,996.5138022919444,999.984309074927,2.575676325381787,-0.12161618440958824
8,-159.2820545872319,92.57658051816107,392.25319600287315,216.78854382790368,3.2980235087422574,0.008125648579836518
9,-155.82532843113648,98.6759298982932,420.316719370051,236.22579192290374,0.01,-0.12827993832734588
10,-153.46215141786564,124.61509768339414,505.8050806652821,308.37221930504086,0.01,0.017907486220151623
11,-150.37758769477693,411.81994155740193,1107.2621450341476,966.7640019227314,0.01,0.1441007651916262
12,-159.33270992495954,120.67140840078972,456.5872244483239,287.5717938999117,0.01,-0.16770210980253672
13,-160.17271034971702,122.95938531835418,477.71831069733634,299.1205478401632,0.01,-0.011409945044748538
14,-157.2694616481957,183.33787382070116,580.2762018932516,428.50871717487746,2.961512624038192,-0.04643292044251139
15,-155.68527467938637,440.9555364947541,1033.948352447518,999.99991206263,0.01,-0.024180676137916805
16,-157.37503045528751,439.1773139499545,1031.7362031594184,1000.0,0.01,0.15858448842750286
17,-154.9804161671704,449.7073296922159,1020.8854024758604,999.9999030150142,0.01,0.027799748965213558
18,-159.5519795248317,464.5769260205836,928.8424231518615,999.9922359409347,3.5298955450754606,0.04723875674380546
19,-161.4451529212691,92.34721049465217,394.0144264672763,219.11123281815836,0.8756541629238399,-0.07992569585090777
20,-156.991297685661,424.1619470162805,1081.6505059641079,1000.0,1.6656086270927244,0.003622925244602734
21,-157.35007446185924,428.9531872439645,1075.0329345692155,1000.0,3.0541032805632846,-0.06821172527336149
22,-157.81030833099797,432.6476897312928,1045.983973235822,999.999989667021,0.01,0.0951188669197767
23,-153.54868098840694,435.8406721594026,1081.8653701038136,999.9998040084286,0.01,0.029823456827828436
24,-149.91430261003453,434.60253481489605,1089.371588590141,985.2348955333225,0.01,-0.05248683185360757
25,-156.83601740883657,424.44513801045093,1082.3652615978608,996.7200235187245,2.5359645154567554,0.11807242601089613
26,-157.553050001066,442.63630733798476,1008.6715812042662,999.9995767246468,0.01,0.0109838111027947
27,-155.5032502621994,413.5583777758358,1091.799639759103,982.9823390262343,0.01,0.07749737230515853
28,-158.06362567839844,425.5725628852028,1067.0192688669947,999.9881033377402,1.0418907260893382,0.22751388632192796
29,-154.3518046414526,423.18124950664577,1089.9134077364522,995.1417474072863,0.01,-0.009103704831457476
30,-146.7688105162369,394.75859649853317,1130.9939625433271,939.4262462068906,0.01,0.03203990314298349
31,-159.826178546,436.3964177184797,1016.6135246747092,999.9999652516209,0.01,-0.03353633999730417
32,-159.69701347084015,94.68769127367767,397.97994008170065,224.50051482951906,2.262652524462767,-0.114345671754304
33,-157.92523521911835,440.25112184184314,1019.6656289029348,999.999730701604,0.01,0.16834754849196948
34,-161.1265155890607,430.7996414245355,1020.7763557852971,999.9998960410903,1.4452061007188997,0.034515495387832544
35,-160.750316122893,80.06372026744589,387.2653470509303,195.29510001417694,4.314891750035857,-0.048942163958309075
36,-155.0298567824239,180.96615046228814,589.1856348228439,426.06945551552315,3.0726976671239203,-0.11996356181474459
37,-153.79791904794058,411.09491121909645,1096.7745548599812,977.2545247328039,4.630706059063121,0.06454399271767233
38,-147.3336930049032,411.9622541894278,1113.5257579987845,955.7003968383958,3.308980256285273,0.0656682722562761
39,-158.56059988043316,451.4969913970266,949.979452646939,999.9999858820602,2.9895323596357115,0.07959379518282415
40,-151.13298025270947,401.8352935829868,1113.5265510835477,960.0815808636733,0.01,-0.024427071057024526
41,-157.93317466542186,429.3394728744879,1066.018607508767,1000.0,0.01,-0.055011976578445754
42,-156.0780052062178,103.16180368377275,448.9335249005882,257.2197741072791,0.01,-0.05411735432637722
43,-152.45402089118258,225.3677333199642,693.1660302416585,531.4357425183429,0.01,-0.05102829448998767
44,-157.9550376231167,89.76111579412225,402.9074760197148,218.9481589979922,2.5803766296241677,-0.021407598753666327
45,-151.6274568469791,415.816278426701,1102.128248277734,972.330237930376,2.570684321532416,-0.12387036418827907
46,-159.96327875550455,123.02864618728307,477.0619407201832,299.90836435256904,3.296488304393568,-0.1189929294343843
47,-161.7713710507472,455.4368155792589,937.732152731374,999.9962313663718,0.01,0.021068703427094763
48,-155.99795655984227,443.08206451186373,1043.4566425117032,999.9985555729734,0.01,-0.009630014464591448
49,-156.31247053680272,101.69860561617897,420.5941176906091,243.37486247242703,1.7121901171143887,-0.02237955082794882
50,-157.29580317408937,91.69485070824463,414.7025365912524,224.50014135626532,0.01,-0.015507542056321657
51,-156.85655026844725,426.64594758127885,1062.0401182740873,999.9999054371606,0.01,0.10118383590796856
52,-160.78969177749624,438.24844714332085,1000.3472577355585,1000.0,0.01,-0.21131665903184496
53,-152.0532777779091,432.99938864546016,1084.9920956605342,991.0324360823124,4.729339370845113,-0.1113084429443731
54,-145.41697484565478,83.55008810750715,418.1800486588496,208.87727258743482,0.01,-0.13273476061496742
55,-149.7613216443723,421.4218022105901,1094.706513440534,972.3139563702523,2.4947269633206544,0.057745973217835936
56,-159.1243634445709,451.99847309783195,970.9034010744015,999.9988163115538,0.01,-0.09796157597935741
57,-157.4321506150242,432.45372240830346,1047.6579403517396,999.9998842659163,0.01,-0.0015297877548500582
58,-155.3589862658996,452.2983288978301,1022.595811521637,999.9991892389124,0.7695609866380997,0.03672615642239395
59,-163.7009094931755,65.95732374737173,329.9505811810272,155.6733475863608,0.01,-0.05747770006725946
60,-152.0308271543091,453.02299858619256,1026.6421616411747,999.7075018608049,2.497473014781567,-0.10597452170195142
61,-155.9675536998279,434.17840135464525,1053.4269076047344,999.9998958628242,1.6306456162686689,0.0007128555834293446
62,-154.47911201680296,208.69943767010682,697.074873313462,513.9838933076413,3.1072355114696695,-0.1575350931282514
63,-155.36827565571855,440.92298656399,1047.1504384623693,999.9999912682157,0.01,-0.019975038250693883
64,-153.50937425533687,431.80995699823586,1069.5034717785436,1000.0,0.01,0.02277138077023755
65,-160.31991924202129,441.9107074235066,996.0033091180926,999.9956736416909,0.01,0.03279406742104838
66,-159.58649646860366,428.30331684799904,1059.153348179248,999.9996125568026,1.7696190293025131,-0.06455660931545082
67,-155.4267504202388,401.84353277046193,1106.634860463313,969.1211833490278,3.6546407660998903,0.1984185540100922
68,-155.57642878568802,443.66338674360503,1042.3955611796716,999.9899189890081,1.7188037647725753,0.061463193416185544
69,-156.0866467291099,438.19109890492103,1047.8832596381412,999.9999896940501,0.01,0.023475050525642437
70,-151.95190406344798,428.7150036856294,1101.2988621720606,999.9413497112301,1.3990718543916172,0.02660184859378538
71,-158.6759197844923,456.6194585045901,947.7806434289568,999.9851089173974,0.01,0.08776573439532843
72,-146.60057423018222,378.9429227267046,1144.000564205715,929.9678944490826,0.01,0.09569541422390133
73,-158.25826870702676,445.61678062182483,984.1060436452807,999.9993500748533,0.7564666753187547,0.21335574951846206
74,-152.0803867548148,400.1043332660614,1110.9686226388148,966.1258454159534,4.072385274569333,0.03517823598590187
75,-154.43157829356224,422.27754867217004,1088.9787482738618,990.7926157058412,0.01,-0.11690736746096511
76,-156.14972205209463,92.61594489218155,419.3090515701983,227.08735990825045,0.01,0.01854443782719588
77,-156.42165839878427,438.6476132131671,1034.0532828219855,999.992557010695,0.01,-0.1267508749805273
78,-154.84656080434627,417.76844845212497,1093.3305023245825,985.2988908120386,0.01,0.016497002460087753
79,-158.39777719799417,428.3122159185895,1049.5661848175612,999.9999049149928,2.2087160944553013,0.03492680538905034
80,-154.96899536873556,451.7615829247807,1015.7385170679719,999.9991507299925,1.0914926847669215,0.023565248378304274
81,-157.31940676271537,444.19034358301946,1013.1286590877207,999.9986776345733,0.01,0.10500660725197891
82,-115.58106306954993,269.4196782838636,1281.610660393337,763.8570267163643,0.01,0.4548749352158957
83,-157.15169428208858,428.78349614124727,1050.4766931566164,999.9975926841674,0.01,0.08058648396874771
84,-155.59319404491177,433.0691188448551,1063.2036694720698,999.9968125056283,3.4092711345169366,0.009523208228738872
85,-156.11939899248333,441.88384645901397,1032.835354059655,999.9982580881522,1.0493261703174221,-0.049020661741751556
86,-151.1413784097309,392.6526397686702,1115.7602580315952,943.331913381533,0.01,-0.209129530822925
87,-155.66917648649303,399.98401733784686,1111.5399474445792,972.7739676262356,0.01,-0.06621905417239646
88,-158.58268917924295,446.07150559428726,1006.3147516359583,999.9921628797662,0.01,0.025656304449252487
89,-157.72429482656437,440.4025653603173,1020.4190517296414,999.9947275016646,3.5798646477944307,-0.14845066897575718
90,-157.11075772394852,436.0840026255714,1039.3175999354303,999.9834771253218,1.2478126033726318,0.09065698479006284
91,-163.25381911665693,457.4567973828474,919.5944827601886,999.9999238774458,3.0247088347063595,-0.08513316303005745
92,-154.59538663390973,426.6628501864887,1082.8949777283563,996.5161908703062,0.01,0.0269855425503267
93,-160.15797455692285,104.20112141798906,418.5797882761085,246.82187183033375,0.01,-0.01422523499205123
94,-152.61698020498747,423.8623717343197,1086.3932877618397,990.3695259130064,0.01,-0.1165237642490801
95,-160.37501192025192,428.5821240159716,1024.6942633667318,999.9980393685674,0.020107629020204493,0.11128005372420714
96,-155.57981754808986,405.1671495745369,1101.4018338298606,975.4771686862464,0.01,-0.0229458924519462
97,-150.71137407266698,417.3036347720289,1101.8150330452966,973.2086241588598,0.01,-0.01607561261124902
98,-146.70181156885437,380.6763740846335,1140.0196289441508,929.0427728795848,1.0545636441926864,-0.06849677060406428
99,-156.15260811853094,126.76553369831326,464.38114180700074,295.52469129059995,0.6266782950335863,-0.03410041197975009
100,-156.99562610206306,445.859022488078,1019.163416807444,999.9999816486617,0.01,0.06269157869198358
101,-154.77089848306744,425.36237624136834,1085.3114076110794,999.7474223967753,3.069659481810872,-0.012108247992877512
102,-151.80958978046658,412.6846682185767,1095.6753814730232,971.1354305388669,2.591178530325227,0.0582632058686587
103,-145.81224539753654,400.1176180841501,1132.347766732816,949.6342763127084,0.01,0.07221161825889069
104,-151.6514714345786,396.51427378126795,1121.0660998930257,952.5698743362237,0.01,0.015788686585627133
105,-158.79995958875682,435.4088401911437,1021.6650977438554,999.9987270649254,0.01,-0.14887151865645765
106,-151.77612998415034,422.5658064027966,1113.2155292486284,985.4527203328323,1.3574240501058277,-0.0013549424267562497
107,-156.31267398442438,402.41421437304916,1104.1921710902554,972.5583689458597,3.634444425607369,0.07344013134000132
108,-156.09408877313496,169.80931851093408,573.3777261177472,404.19772207006065,2.0524677269964573,-0.04514491049596475
109,-152.32217703370588,424.9636015785513,1091.0689887357996,984.1106979883535,0.01,-0.09783370256390223
110,-154.67810853951437,439.9396651249893,1054.6203436895719,1000.0,0.01,-0.10640279421096607
111,-152.80153173356578,426.1848448893666,1088.8834619765069,987.9939273897786,1.9637271681382555,-0.04593718451006839
112,-162.28128220668182,430.57071267729685,1005.7502641560678,1000.0,0.9502427660690101,0.22670253210661284
113,-155.5299484468604,421.4198793533882,1078.5613343284635,990.1486855520046,3.1396610699900367,0.057626727940668705
114,-154.01645957884207,417.8464318185693,1136.8644431595199,1000.0,0.01,-0.029320484868849177
115,-155.18309114058974,112.53506184681692,452.0614299114267,270.5325992494948,3.228374425762729,-0.16462431149686316
116,-155.88381318166483,441.77094860231836,1025.35405308447,1000.0,0.01,0.10563738049773705
117,-149.9653654398807,411.6421108070329,1108.4697300782054,968.7472526918468,0.01,0.07113882007900679
118,-151.24531827746,414.62267710173,1096.241296927629,972.1334567490353,0.01,-0.07192476332796038
119,-162.67585712744233,456.94560670534787,911.953072157734,999.9967652049668,0.01,-0.15424668349079015
120,-159.62092260439573,426.5798259800588,1065.0986300685959,999.9929696729092,0.01,0.08053026445680747
121,-152.62334393316715,437.1542541421614,1071.6463999198031,1000.0,0.01,-0.014162473084817096
122,-152.0979581567129,441.1942861311753,1058.8099531643531,1000.0,3.2745376499056302,0.16396862289865824
123,-152.13683751245134,405.8659251460535,1073.8722421329958,958.26958650911,4.210796363707313,-0.10321217303724835
124,-159.9599436158414,147.26482782292737,524.8249211402439,354.4906187684253,0.01,-0.02218782175188766
125,-151.54370254773332,404.6711314538264,1109.0312011517447,962.0037734011096,0.01,0.04253456721660726
126,-153.6341642906029,372.2592885126305,1082.0847238735516,916.3249224576232,0.01,-0.04942765706425288
127,-152.4563555811586,78.23869187602942,369.0074110702263,183.23827846596978,0.01,-0.08749716849740567
128,-156.47309345494799,407.411498473887,1024.3659472111576,945.9509919327816,0.01,-0.006250091031706076
129,-162.03492179427752,439.19568066103017,1001.9103105844108,999.9935245007679,1.9578341792812846,-0.08643932561042522
130,-154.75086960164097,110.32926931966908,459.4333160533354,269.91029588083626,0.01,-0.030121192534366032
131,-157.65868270191297,432.7670526076844,1034.0709647609217,999.9983571547992,0.01,0.010193085744333023
132,-149.24200435034672,394.78123649943996,1136.4855756295146,952.0294305176934,0.01,0.03999284926588317
133,-148.08389211344485,423.77586023185285,1098.8125771239622,975.5416840733243,0.01,0.12168728876426889
134,-159.23443237676642,432.82946270652155,1031.8222717580838,999.9962926970933,3.2602258308828977,0.017276143632440188
135,-148.28884985954082,414.5014764818038,1107.5258659635547,965.4575309279925,0.01,-0.13917824407271676
136,-153.38345316675523,413.0922671871526,1111.0368515205332,981.1294610599358,0.01,0.0187383955505314
137,-156.12967462834206,134.89202788459477,477.2135952573753,313.0569964333876,0.01,-0.015900363255920057
138,-160.3344441366321,459.8470483488302,918.6555024483467,999.9965642631663,1.7330170018748727,0.047700131418361914
139,-162.902647229699,425.62899466289747,1019.4678602829933,999.9998721898731,0.01,-0.09961624152923662
140,-161.24958270739955,97.86714257006625,388.98312172656983,225.9444032312532,0.01360767914999824,-0.13584152587294487
141,-158.57680864796885,118.77632384799183,445.1173675482814,281.28629068079357,0.6036393253171063,-0.11330369281066259
142,-156.23745897569333,442.99556550889287,1031.6231922394015,999.9968284608404,0.40007972640821604,-0.1476899602686169
143,-159.29228103440755,420.82970867210423,1055.4799706726824,999.9946985903499,2.283371382845586,0.06953772106508109
144,-157.4376573336365,89.31873714029585,385.47398499926976,209.89299184526635,0.01,-0.11431340403319179
145,-155.172361753069,438.404688797802,1059.5735046196578,999.9999209628872,1.033379063468344,0.03436610284069544
146,-151.85839469953768,398.67909963678835,1116.0121356539162,960.2607453178086,3.0850610703144863,-0.0572452031093784
147,-158.801596414504,429.39751858123435,1054.034901845385,999.999509995102,0.01,-0.053752465308303216
148,-152.60316516052225,391.2603951140839,1120.3263887029163,951.8731226230856,2.7588370203284227,-0.005245585241701247
149,-157.62836632155958,444.16380896373425,1014.5078024051073,999.9934454208515,4.408114316201461,-0.08856194899483749
150,-155.64264462432416,187.97017702084813,594.5961588853421,443.2638638335201,0.01,0.044424256968151145
151,-151.55315113530943,400.1139229360641,1113.1770990479743,959.7221666850625,2.988371265066354,0.0641306837865047
152,-161.68894294910945,442.90676965631053,957.7832520217486,999.7685159662267,1.1630556506569014,0.21466318061074638
153,-154.30173654455749,425.284144661535,1076.303807353528,993.3886228147319,2.630685628484503,-0.10796905036899153
154,-154.21758208591189,451.7478964502965,1009.2060741881554,999.9955510913642,2.2896688589875476,0.16575078819962674
155,-157.08820089876642,447.8212704466901,981.3239551333643,989.0527158061839,1.4072698800923271,-0.0015376847476165274
156,-160.08435211928816,433.7929457156421,1023.1908034377146,999.8786157806663,2.090285441563847,-0.04082087205921781
157,-157.95550579031135,102.0455888719292,438.6097950530299,249.24251313338922,0.01,0.05220356064937914
158,-150.39142410559208,442.0556591264503,1074.164115284874,999.9999718439227,0.01,-0.09582675537274236
159,-157.01963669191045,424.22041382530824,1069.719993056154,999.9997842774885,1.914306433175954,0.04694354283403228
160,-158.73739712960148,437.1334076616529,1021.5207010966689,999.9995175687983,0.01,0.07609496870921863
161,-149.20881280029366,395.37753281331584,1123.0566745513395,951.521689232303,1.2133377509288752,-0.020289202690634212
162,-158.45575391950922,119.82519097249617,439.9775408226799,279.8153737771883,2.9270087291767206,-0.11352083083491148
163,-161.72362884225987,159.8274501611145,491.58869721006783,363.83540284625866,1.080423816193352,-0.009607626699048346
164,-148.25733024789037,399.99546101702947,1122.9891094352474,950.3112284633033,0.01,0.09548185325612517
165,-149.0888837918049,388.3059062644325,1057.8466115813076,908.4784494049779,1.0567162527288463,0.2464738235141726
166,-157.72498374553928,435.4139866821158,1033.1234310909135,999.9999678994087,0.01,-0.09848392891105104
167,-157.34642139831215,428.49722177215534,1001.2814984235002,974.0974593080143,2.1068984590908046,-0.20284208077139945
168,-151.61071344533303,391.8698549981588,1119.7751185805125,952.5421684561428,2.428289892717323,0.20941583264008676
169,-159.03987347201064,430.5528379254211,1037.0229071133133,999.9999763905395,4.498816284002028,-0.03455829559896754
170,-156.39239737252979,440.8426734771387,1020.0586646708932,999.9607084763812,0.01,-0.016946409187494186
171,-156.3764437964005,434.85536791273034,1050.578759349489,1000.0,0.01,-0.043678842363081546
172,-153.30109900232495,438.0456317965137,1068.2472782649338,999.9980286842156,3.063632337257111,0.0932737601905478
173,-158.97240549799187,429.00711445721987,1052.2903993508958,999.9937774357556,3.652650716092138,0.0010895060926642101
174,-155.35711579987418,427.9628521279223,1083.1332712973592,1000.0,0.01,-0.06675336578896124
175,-151.54431957458837,427.2699569916813,1093.0473714495215,984.4323122792273,0.01,-0.015048152362788576
176,-150.20551043755333,440.69986060965647,1078.3432396535006,989.6849116144175,0.01,-0.09567652318469308
177,-151.05317320907102,413.9870236009591,1109.1740448018536,968.4755507137841,0.01,-0.08689678728042634
178,-148.43942378184005,385.84896959638394,1131.095340435793,938.4266625779908,1.0258278257204823,0.04845467368886365
179,-155.52576871381692,460.1451152279584,974.2211346656205,999.9304543491111,0.01,-0.13364263394547277
180,-153.23088958617984,430.48335891855345,1080.6076129703113,998.3111724623385,1.414002883689665,-0.08296697161438492
181,-149.4418584528384,410.87930520174285,1110.219681086631,965.1899919722789,2.8966004508957943,-0.08679967200605485
182,-155.01682286832101,447.25572530684775,1026.5882149657107,999.9992725019324,2.240118706727865,-0.0353840936963478
183,-160.5795404675058,65.22714022060453,329.09653404692597,153.32932642266152,1.4367456264678746,0.042978877789770595
184,-156.03519794083564,438.24176049233415,1044.0131724163982,999.9891210858059,1.3097421826543498,-0.1542095514792997
185,-149.27254589207163,402.26027255137404,1113.942440330503,949.6174865842654,1.3753630450168637,0.10773938880891272
186,-147.79701501061155,395.9144516892706,1125.2969035879605,944.9604195730064,0.01,0.013347143910829987
187,-155.8878231256679,114.22076376549468,472.9229256744215,281.75803721480656,0.01,0.011737704787724398
188,-160.6013436889009,96.98093512016855,415.9651199737193,235.80752231760763,0.01,-0.11112226929194509
189,-157.16703138458425,434.86309532705525,1055.1101894621056,999.9852969855942,0.01,0.0660561411301023
190,-156.31993448989994,427.45893500897796,1078.1150184061048,999.9999966471457,0.01,-0.08109356494614445
191,-158.73489931575799,83.08775941685488,397.20307078156293,205.60690770049516,2.184460056932566,-0.08904658400618559
192,-156.53691927188476,426.27558916157295,1065.914407913434,999.9985174002795,0.01,0.09935449293661924
193,-155.2510548295782,410.5917579954899,1099.4979222086351,971.9590303621045,0.01,-0.08360811226613957
194,-151.11473666149593,422.05719508301706,1095.3528199930022,984.1716507802998,2.837257086078908,-0.07178760799822761
195,-154.62516667084623,445.56260328633357,1029.089878198537,999.9995499601638,0.01,-0.07916384105512131
196,-149.6349506448424,392.55994310160366,1119.0276755769692,949.9250619175956,2.483487212446438,0.011044680404227972
197,-153.901916776313,434.47320781650404,1061.8895090991475,999.9999832749304,0.01,-0.04472252425811017
198,-153.53731054975313,440.165414847243,1055.5867145338639,999.9963560138389,3.6561521872404223,-0.14238178793930154
199,-149.9864641232598,403.4468112467262,1113.4967381903507,960.1090103351044,0.01,0.14061905416825932
200,-157.05508445007018,449.90190750052784,1000.4590817479937,999.9985821444798,0.010803876446119836,0.14970127876764217
201,-155.56397908473036,421.90584594011904,1050.0294662802805,980.9279389592266,2.6647661581786473,0.11110462762992829
202,-151.62483962954184,438.55542284088386,1077.8731575726692,999.8299105713677,1.531266360425859,-0.053994678662308414
203,-159.06410098685257,443.6222688486386,986.5425441843616,999.998877828612,0.01,-0.2232197821853594
204,-156.62324253573152,176.59202151619613,566.5647079661991,414.17164338270726,0.01,-0.1033381721372728
205,-158.46432252133968,447.37358115982954,992.147597046922,1000.0,2.346140870258146,0.05239488699343917
206,-155.6354507744964,421.93226353713914,1106.2020773511615,1000.0,0.01,-0.050051733343590046
207,-158.22079725982744,448.75674231664357,982.0518268840759,999.9998752564505,0.01,0.025212047034513282
208,-145.64076683149742,373.9168472202222,1150.6072014497524,917.8594193744782,0.01,0.11444068788132691
209,-157.0068718507136,443.85952639614754,1010.3442614265164,999.975972330827,0.01,0.04784468211215577
210,-159.42731343514242,445.91866175990396,977.9131387120415,1000.0,1.2579189604656142,0.058364955167591236
211,-153.44396957389358,406.4004474145119,1092.2551786433455,964.5067344519506,0.01,0.12004415817658375
212,-166.03281691844953,106.55048537620841,382.81541089155075,240.30307220666117,0.01,-0.05446236886337143
213,-155.2593704817752,110.58658363205481,427.9136792953425,257.82891893485305,2.6644884657613286,0.05437320837171564
214,-155.51649343037062,380.15998923119037,994.6612382435118,893.5988306942739,0.01,0.0280243011106602
215,-158.09524749572367,414.7477855370344,957.2607860160663,935.1954224628607,0.9021269833593079,0.09476514432402945
216,-162.97800942017219,97.65490856244071,401.79635396991813,230.59056962771254,0.01,-0.08887450211181137
217,-153.72881761296028,433.572908896525,1081.0025019778222,992.6505514867414,0.01,-0.03983494242716906
218,-155.72670894803724,69.04593706147533,373.4761570340777,171.7820759904974,1.5868524826865595,-0.033455593620070785
219,-155.79009619912972,418.48170163362187,1091.2258580692132,987.0890538717376,1.2802811375858871,-0.02693062733100747
220,-165.36955034388603,431.6347931059557,976.623877798713,999.9959922271341,0.5806763917831853,-0.1299558003489452
221,-152.3806839628695,413.93600662051495,1102.8079852694466,974.4713317216285,2.3191856251976066,0.007956671571895698
222,-150.8643286641373,384.6351259316368,1131.9499018428419,944.9782194227977,0.01,-0.01633323973440046
223,-158.98694251481467,450.80027806313893,988.6604885943821,999.9991525034366,1.8424651430237626,0.025937903226339733
224,-152.02674062788273,413.07599806327653,1101.282961221733,974.2791277779097,0.01,0.11954551841444298
225,-156.10905447448053,430.3140115594603,1050.7639557081761,999.9997956304834,0.01,0.13349917982405488
226,-150.71990899554677,433.4030006399518,1088.4170460850978,989.7812775126647,2.779426909931454,0.011591566976804354
227,-155.3618702559385,431.51121389638337,1077.9249697683972,999.9988198090294,3.161374926238111,0.011910262442130691
228,-156.57410180885933,441.8716120810432,1037.6764369834295,999.9996268216788,0.01,-0.04682456840215422
229,-153.4910222170934,439.811790282451,1060.627943410056,999.999922526307,2.3916332511611276,-0.11885215928855535
230,-154.02561028272245,414.7537690034648,1095.372870625133,980.0971135184769,2.9368104099019403,-0.0167263076153901
231,-156.89536669131397,439.1512380719092,1020.8988370648788,999.9996593804216,3.647361030184725,0.023838472959739065
232,-157.6750419917826,399.3903024558798,1094.0791153881275,966.1407409458595,3.2713478155967186,-0.10791478762120034
233,-145.2071234592471,377.1613511051809,1149.1839986791367,917.5745298695006,2.458876568614688,0.040163310270044196
234,-151.1104972543111,411.4988593721245,1079.3109032759298,965.8415473302312,0.01,0.03239863331392244
235,-157.04909826264753,439.4218194987444,1033.504669653401,999.9996451797095,0.01,-0.02465067241540537
236,-158.13079307338103,437.62385751902565,1022.5741968628146,999.9991199655635,0.01,-0.1671143408403869
237,-153.44911819899008,212.33019508227824,622.8611169761564,483.8883281697129,0.01,-0.0059125477144081826
238,-150.6291403149046,409.4290911727502,1106.9883252027341,967.2116321738632,0.01,0.006773687520174737
239,-154.97480366730696,184.13377281217112,580.359386491811,428.4514641134995,1.5236146909347326,-0.11537095403278508
240,-167.23647684848842,79.14059833875528,350.1843692089627,186.78258334161814,3.6877374294303475,0.05771826647500334
241,-161.1844905264579,105.70934832235554,433.7963655242145,253.55147759865253,0.01,0.07203943657314428
242,-150.63509791232272,131.43436604315778,481.94808669315546,308.5984675367236,1.6961695080003871,0.12184922804257392
243,-154.123791759163,440.95153164921595,1077.5113568221138,999.9619330868708,1.6968417588736566,-0.047252508742072825
244,-156.70443431384223,447.46822214398657,1002.4592927418595,999.7116750290122,0.01,0.03902907157881597
245,-163.7705183754402,120.06985628596122,456.885705372755,291.6748509511438,0.01,0.034724829232870236
246,-154.87816288293644,253.962831479729,738.7290166438223,596.1040858210409,0.01,-0.1677677530095426
247,-152.19796108930197,393.23281487249926,1116.5894761497107,958.7156534938921,1.9271530869684215,0.06340008511245385
248,-161.02305023122292,436.92125530618375,1005.5621669880155,999.999258265203,0.01,-0.08731255709100254
249,-161.1077104595396,434.8373986890471,1005.6168963634211,999.9994490159633,0.01,-0.059568991929172414
250,-145.88753945400043,370.80691588889187,1148.9812947848854,913.3450810809627,1.7729830332181584,0.048165059313732286
251,-157.90649389730586,446.2413394426948,993.6403000467528,999.9997071122425,3.053813450122314,-0.03840139863933144
252,-157.38439249482332,457.33908472720765,955.1230715383333,999.9985557362045,0.01,-0.04828151261207742
253,-154.75782376550654,440.1918071005212,1046.3085470551684,999.9977324050963,0.01,0.04842155105546222
254,-166.3960884354814,437.6241584431156,958.6715590219491,999.997086667184,0.01,0.048402443643195306
255,-155.57602826006382,431.29347727357714,1063.735784382148,999.9999977629018,0.01,0.15431238040766182
256,-154.1214374817928,426.8761197764095,1083.6902055023916,999.9999571256707,2.0107627869544915,0.10982410824297345
257,-155.45326969782963,435.3557411512838,1059.603351346732,999.9988462456545,0.01,-0.02741211181032758
258,-163.53825369128032,69.56710216282615,341.1349042991984,164.63128069506166,0.01,-0.005086105488373093
259,-158.64671628304544,425.45779802969525,1064.6016467399231,999.8976279474421,2.339586518176792,0.054798985871806476
260,-165.9132104751275,103.63635934028713,400.717415168927,241.62783995280967,1.6056578065485971,0.0016828006323463451
261,-146.90362122673375,399.8078138672667,1132.4429803491478,944.0320266718007,0.01,-0.14598349662514865
262,-158.19199097706453,432.74619299781403,1049.4477057963388,999.9914123724602,0.01,-0.005016232243644033
263,-157.2484499255368,435.14185252634803,1047.2161424776505,1000.0,0.01,-0.0065951062393737134
264,-157.7697443863347,405.2339129249659,1097.9560270059376,980.8223857861806,0.01,-0.06815445751240153
265,-159.52941878466473,426.0092342896028,1048.078577445397,999.9999921937526,0.01,0.11458239792890498
266,-154.4788460467727,444.4451717823869,1052.3746555837486,999.9999227106742,2.7969872988912536,0.0862008055683357
267,-153.56857397671925,440.06249317779344,1061.8183769595946,999.742466119158,3.2976522810594835,-0.13688635157327844
268,-164.84392375692488,76.34920052594757,368.42070358703415,186.2203732566334,0.01,-0.031812065857962736
269,-153.7689373470453,447.94553007945956,1037.276135942118,999.9995188881422,2.98756884961431,0.03165295161594803
270,-148.67218544666383,428.1424832359311,1101.4534991636249,977.6970670593026,0.01,-0.07308329776220691
271,-152.85049217044636,417.99063383712604,1094.6701195640635,981.846490897804,0.01,-0.0036838695422221107
272,-150.56529609816778,408.5164236059247,1110.0526554062435,964.11486143166,3.127473381159273,0.00963253131470262
273,-152.3825161406688,420.01467722891545,1090.838832763795,983.7948077354523,0.01,0.14516007164811232
274,-155.33178089140998,440.1806917467327,1044.7593540349599,1000.0,0.01,0.08706511013037004
275,-156.0914717774439,123.51334020869677,487.65094690983165,301.6122878679745,3.060293567891459,-0.1025185291315461
276,-155.8278014771798,448.44310732406115,1004.1446408974051,999.9999897958033,2.9661962598718947,0.08277311020302822
277,-145.95342926813382,390.15926581050195,1135.0775575197133,935.0934884999104,1.6302756622788903,0.01306139101833285
278,-158.83202600681827,440.9787601124603,1012.6221142644686,999.9986605351132,4.310725903502537,0.045208724253543275
279,-159.87215004042451,438.1054515901194,1001.6564107972529,999.9997679946958,2.3815973660737404,0.15122290172367153
280,-154.18758964760505,99.11031295596901,425.7076481704711,239.15522872688237,1.3996422788721894,-0.1439750668751912
281,-159.56687708431025,452.3416001534607,979.3875599795387,999.9994397924046,0.01,0.1224735605771799
282,-157.6035447231587,436.90163196403677,1025.7840998348074,999.9997552416978,0.01,0.025829131372087512
283,-157.01816273459113,430.89600790068437,1064.6264243362416,999.9955369342324,2.065158693894459,0.010043814129364552
284,-154.0001623096758,445.2960069392215,1038.0893448780334,999.9999964678267,0.01,0.013887459383856212
285,-160.21017517495494,448.26389724749987,971.2102146206848,999.9999915241808,0.01,-0.11986301094634291
286,-159.73235027265108,451.2464870953,967.7278254333896,999.9998042322071,0.01,-0.0985066649062773
287,-149.5759294554142,408.3343055627844,1113.3866165818333,960.7612721764443,1.4995327763498538,0.1628419293714156
288,-158.96139821779087,446.76741512710254,987.3171933649643,1000.0,0.9868301097514987,-0.15345711664774742
289,-153.8407852442002,434.2485477127573,1063.5232131678526,1000.0,0.01,-0.16083863060679693
290,-157.32814065282824,180.47097490666005,583.2129103611414,427.4706714132295,0.01,-0.16048274256337858
291,-149.10512604927496,434.005377647482,1089.509053457382,984.5112436550735,1.6223540239438283,-0.07949781461826276
292,-153.9916501835419,443.4249799417797,1034.469552368082,999.9996630200684,0.01,-0.036895358579635766
293,-154.10869658878372,129.74884586964262,477.6679273605407,305.34315889934993,4.441782652932607,-0.07629429579920631
294,-157.79732125176344,168.57649377879332,520.0017972968469,384.0757774400969,3.866795032919324,-0.0010489930482209097
295,-153.88741900358588,404.25464492695295,1109.243174161798,978.2329983515286,0.01,-0.221448085561129
296,-150.98173375590326,388.1042213476013,1124.4219325354557,949.2969069887014,0.01,-0.1350482923499629
297,-153.97930371304642,424.8969877828118,1089.5502630837132,988.0752095266718,0.01,0.07769891678096957
298,-150.97736544818594,414.6586294441264,1103.9970351423779,976.4546671388979,2.0957047970413103,0.02738610905200045
299,-158.2670683995903,440.52758628305327,1020.4294007934824,999.9907742909484,0.01,0.13079724651759475
300,-150.0716680521645,421.7730254786708,1085.5795578703485,969.1986837804012,0.01,-0.04063414644504544
301,-162.4035812014929,444.14843008274596,962.7150567771829,999.9824844579949,0.01,0.04608141809646878
302,-150.88960216218914,447.9426745823171,1070.2169898836519,999.9998817771828,0.01,-0.03869639463148664
303,-145.28741325644458,412.0095438372924,1115.0316388578035,957.6891902111478,3.845196069058357,-0.020121115650853498
304,-156.5807048759123,428.89866991907314,1082.9047367725254,1000.0,0.01,-0.047009830014565816
305,-156.26470942204656,435.26872029601395,1053.1769116187747,999.9994982542527,0.01,0.04538212234579083
306,-152.83243207246676,418.55676925503684,1092.8557173583802,982.7231756811155,0.01,0.12203456676018902
307,-150.83427071862346,424.833963278939,1067.1001455120522,970.6004674933257,3.7231832460778778,0.011951180208586544
308,-156.042894424167,106.39683531288806,417.70321779980185,247.5652888839398,0.8179427950625984,0.0106888248257986
309,-155.14353415236755,423.7036618796145,1086.9293934002199,992.0180850062404,3.2618051654898714,-0.08647206951474731
310,-153.39619506273615,417.6175210711784,1134.0622538724351,998.5160558261416,0.01,-0.06354359295255843
311,-158.6754550737207,449.7385343524122,990.6316066119522,999.9990919099795,1.0845734087521905,-0.07034827537469578
312,-163.07580031852137,447.3577511925144,969.6784516933822,999.9986264600979,3.847561117338924,0.23372988959785168
313,-158.1610695125137,434.49256722112415,1017.78845408567,999.7740320233379,0.01,-0.09932177180933738
314,-154.14928918514622,447.4222913154293,1033.2824802502817,999.999997615819,0.01,-0.1642628554082128
315,-160.33231218009334,96.29820844231999,432.2292134141978,240.76955312759878,1.1742765810747673,0.06126877429905702
316,-152.31598681147696,427.4618479289623,1081.801435356984,987.9434384519442,3.702009595190752,0.0483224026968043
317,-156.76229712229585,423.4038003229902,1079.2440341520105,999.9867370883135,0.01,0.11791802474032442
318,-154.61623964820743,413.74982648155355,1100.12464236468,984.4666140688045,0.01,0.014260126391319584
319,-152.96504859145062,411.2757376589313,1109.611309236954,978.6603245822597,1.3890503356440473,-0.12569731930470984
320,-153.40305984045864,437.0200037596305,1067.360189451937,999.9942803018172,0.01,-0.09094633349382682
321,-152.7208698696025,455.2669768084276,1029.981339924939,999.9998275585635,2.261366283424082,-0.06437648916558122
322,-155.99822573049252,427.15927915546956,1071.7941917176677,999.9995283255938,0.42105053644474943,-0.019442044417064094
323,-154.7146545068131,76.67396804192299,379.54093938904884,187.45937272802277,0.01,-0.05384547692891391
324,-152.5561568611834,423.30568706832827,1088.0182471469511,985.230869398899,0.01,-0.0571015433607002
325,-147.7690235942021,385.0794661499397,1131.0838555384703,930.1092325138521,0.01,-0.08723239142264011
326,-155.9483990011288,436.2003845991257,1061.6892747289273,999.99756506592,2.2106916219690436,0.0794927740363788
327,-155.8737484108746,108.0154367528864,441.11180703558887,259.22143151372535,0.7091106102193185,-0.04784319499031649
328,-148.84262993825368,387.1203259321884,1132.0711755744803,939.599856935442,0.01,-0.11535272218681412
329,-155.00359568571446,389.57562152606727,1116.7361248228267,956.9934779621484,3.233766040000462,0.058403974987666016
330,-155.77787160295856,439.2982820061475,1029.8488493301616,999.9650261346786,0.01,0.16933778053796425
331,-151.34202167793913,408.8171373985057,1111.020123301905,964.9485508483104,0.01,0.05976173721562859
332,-154.88805511645012,430.08061858440345,1084.822742756201,999.9992622933693,0.01,0.10360946277888736
333,-153.1107725766972,416.50117049570866,1090.6597992615998,974.2984805288571,1.3266962267279487,0.03715374862216331
334,-149.155774061775,400.03095982592714,1117.3130116512707,954.9083955581114,2.6905191342370163,-0.023490918812334817
335,-150.3260277650376,433.0316468144003,1082.6756785451212,989.3374031567799,0.01,0.09080838802727594
336,-160.8417795151612,402.4850000507332,1083.4090694259341,986.2496752990833,2.2648383601491098,-0.16409969588112489
337,-153.59023125801423,434.75548531333976,1058.2560389531618,988.1998304612516,3.7446752547015594,-0.1351009118670025
338,-152.14593841902496,430.934643567942,1089.6716902429234,998.4974367598638,2.937912616567457,-0.05604934202181386
339,-159.44648516918932,433.12477962307315,1031.5225201691942,999.6966244117643,0.01,0.24714624885806816
340,-149.49235459692983,386.3849240614427,1135.3155229803342,936.0900292128799,0.01,-0.08269063968850127
341,-147.94109165373254,380.7045539779454,1102.7006940507497,915.709192783215,0.01,-0.04514199942101528
342,-154.67715639867913,163.9989397878398,554.8866235661288,390.0414472854584,0.01,-0.1861251478472495
343,-152.68530794431686,447.9797932432202,1053.0856418054468,999.9999969010006,0.01,-0.05913468568799851
344,-153.0244028680065,454.62323383830824,1030.4001320591583,999.9869525656335,2.058072627483795,0.11003190130713615
345,-156.27829376779405,446.428656188273,1001.3276333717106,999.9999674773455,0.01,-0.049774760646627426
346,-152.4943921565841,438.9221595708601,1078.036554996715,999.9914297182227,0.01,0.0029820550569920963
347,-162.76763808991637,423.2948544904602,1023.4790633905649,999.9984216046341,1.8061186910731404,0.2078922910905036
348,-151.95349945647544,417.44537565482386,1100.624375349842,974.0483772847381,0.01,-0.014456957843700274
349,-158.32332619642276,426.7205442961663,1053.6741210089979,999.9991403182303,0.01,-0.09306210162769044
350,-153.32117440243448,400.5953956671511,1107.7498768288738,967.1489499088785,0.07638553300384156,0.1571361134520622
351,-156.85752039500318,440.1130175439549,1033.7870126568102,999.9999724562941,1.400921388936284,-0.12345887997155398
352,-161.61442427541684,453.6716081774208,948.3921406139158,999.9976659284715,4.433067022590316,0.01994925837343063
353,-162.2646919035433,433.7131717474364,991.7824841065673,999.9999887868543,3.1898460020427373,-0.01869816626344346
354,-154.1326549612759,431.9992654853798,1079.1056669411566,999.9994378704221,0.01,0.12937404102878683
355,-151.3226783352948,238.43920823670192,692.2094881076374,547.2617513849895,0.01,0.06925962998790178
356,-148.0108749690042,419.7342874728804,1105.009065273141,966.8206007673075,1.8324019457412,-0.10071038591392048
357,-156.02146721389732,217.4898878528323,681.0630670877482,519.7226079307293,0.01,0.026516835995320384
358,-159.7782756564481,94.40443052871358,401.45906599538745,224.75460204033465,0.01,0.006066245645257978
359,-144.82858882540833,404.3408469265163,1123.6225597846496,947.0999123363061,2.5492617167383838,-0.21646598447913024
360,-158.38274622616146,94.09209516275284,377.10455807647804,213.97818967772227,0.01,0.009852056796727423
361,-155.13351074941937,80.50100241699553,377.4412004265348,194.3214655528223,0.01,0.05725764255856176
362,-150.79828827398043,400.9820203492585,1115.77953913513,960.1659371762905,0.01,-0.02138167309804962
363,-155.30697998157027,444.11451163689475,1030.7751908069122,999.9981445343827,0.01,-0.09491571005409388
364,-158.17402199476416,100.28271726702097,397.0869917004925,231.40323386421323,1.0810936286049933,-0.00824638135280008
365,-159.45564207450724,430.49095841093754,1032.824246735273,999.9985012585653,0.01,-0.007960587825004748
366,-156.98115493208923,437.9766274129019,1023.3722644561237,999.9999432325536,0.01,0.18711148045733833
367,-155.49590613404774,411.2096336251945,1094.614602758863,983.4701174183958,1.8940866384661696,-0.06031942150313787
368,-152.66374386396413,405.8592445927901,1108.6579506460355,966.3139579455685,0.01,0.014885398474144907
369,-156.90580277598298,439.3432808583775,1032.9015966107677,999.9999992050799,0.01,-0.15475303055318887
370,-151.69749312265316,429.48213477702683,1110.4076176220153,999.9985676073845,0.01,-0.08085030642172172
371,-152.15460342404734,401.9142562813124,1105.7790945371696,956.0708286852262,0.03805789190485,0.13106481386554317
372,-148.98716253600108,398.90422506237235,1120.7347802185066,951.9321170005281,2.4299333475360103,-0.00787927648440652
373,-150.46237256288217,91.27714148360258,412.1226611326091,218.12353914884991,2.003079568068094,-0.03331641608176606
374,-153.33041738975507,450.7039053848613,1037.0355129022366,999.9999130933027,0.01,0.07171840640962249
375,-141.4617749540697,394.4945363526794,1140.2926923997927,922.2680940275616,3.079041812805206,-0.10464828072128053
376,-149.1001390572871,430.3385807008638,1091.827088197631,982.6164869634213,3.076077495480017,0.07853322596652602
377,-154.77990346559727,402.74796164355735,1104.794800564652,974.6400837732227,0.01,0.006650953368565158
378,-160.4664990722212,452.07316948414444,952.8106950802845,999.9994931923245,0.01,-0.06358383102829274
379,-161.52681240582334,209.42742715419547,590.4098289105546,480.53137373693704,0.01,0.1177914595405005
380,-153.2512772776107,415.17502318758534,1094.5771312801753,982.9074638888654,0.01,-0.05077520545841071
381,-155.07514098734964,424.45673997446653,1084.6352739606957,993.9379187866649,0.01,0.01848772651849293
382,-152.53667122529964,113.0854183807214,459.2824063044791,274.78873409456486,2.5972738972357825,-0.0903956093939467
383,-150.23200739570714,423.19058086503156,1094.991786054793,980.7225569443697,1.4255532190593234,-0.024708565370974024
384,-151.09619168656425,416.777958476632,1095.005488508867,977.3493889420006,0.01,0.021200570008137673
385,-154.64742764525715,157.89830388130147,544.9966525208428,376.05271780729333,0.01,0.08647593290797148
386,-159.97286466992972,437.86818420525225,1019.0711063139464,999.9971525391722,1.1703196620040126,-0.07962830584796828
387,-156.16408113330445,442.2031504953146,1021.6745048865298,999.9983521834166,2.662531727975186,0.007542653451483625
388,-156.53779155746537,433.9763609275015,1058.6553333654265,999.9999934440792,0.01,-0.06060934170433391
389,-151.81198065416243,440.0555512798449,1058.360036197335,999.9998997606717,0.01,0.1382692059950851
390,-157.26147706975883,423.890969245668,1077.9036172071183,998.6858673833311,1.4362200548685065,0.0009240617611484364
391,-152.35994641838016,458.1267876915937,1025.859176636991,999.998995797069,0.01,-0.06924314351442047
392,-155.6767773015523,88.75691289998183,415.1962618446394,218.170444182354,0.01,-0.08457525946681166
393,-153.73584147099618,445.6024887997216,1042.022109389385,1000.0,0.01,-0.17004819799071563
394,-151.46647027565947,429.2862958533056,1090.4879776970556,986.9997115340059,0.01,-0.04566922064199277
395,-161.01506197043057,135.47066371647287,462.6961243502294,314.4432244550392,0.01,0.08368718709808576
396,-150.9082763274843,434.5105565617829,1079.9966436566488,989.5274556072886,1.8882538049779591,-0.15654805063836966
397,-153.96875082447548,437.7024377553004,1062.1299256679492,999.9999198219225,0.01,0.14011161622477242
398,-144.90745516201318,381.26954552075387,1123.7065745087873,917.6450888890059,0.01,0.11707524701646625
399,-147.6728443367212,398.2420491319311,1123.963345982198,942.7821421925137,0.01,-0.061016492026706864
400,-153.8369617267812,410.17791339612916,1099.5057250248674,976.9067280671535,3.904347616027172,-0.07332765090903642
401,-154.85069274674427,432.9279177881866,1080.9538315659545,998.9980793238794,0.01,0.03336345902010196
402,-159.82759174333597,95.59330620086604,390.7515574906816,221.9295584376726,0.01,0.05331495940070548
403,-152.55396438592405,134.14201331261353,496.565907742642,318.5661064569135,0.01,0.031526514392815966
404,-160.07446221125065,433.74278065580825,1022.2451400311649,999.994025711051,3.608090125364933,0.11779338421719972
405,-153.20156162003425,446.8850215406396,1035.0814325321048,999.9997703436014,3.1356667867818753,0.011338028421511319
406,-153.1252468819395,425.33625564030143,1079.4239036465194,985.5227249095402,4.196657582048699,0.04372597600517736
407,-158.54700452586212,90.1167714209377,399.8806023637041,218.84512347984085,0.01,-0.019819021270097607
408,-155.81792384544298,435.87594905680453,1044.476962610527,999.999997404619,0.01,-0.0736806980737836
409,-157.73934282735004,461.5997709685815,939.1322333085548,999.9996935618185,0.87539687427606,0.13504697038426636
410,-152.3379810718606,134.6658050675486,524.4437702129243,330.9305725697065,0.01,0.04909193965686028
411,-158.37363901048943,433.11248117577503,1062.7904887445784,999.9999866453613,0.01,0.10676328708576024
412,-155.08153798854167,434.03181946570965,1075.632560191625,998.6559033558457,2.5389616531979087,-0.1171336075668536
413,-147.88339492415494,425.0949458472366,1108.4086043521677,980.6551479826458,0.01,-0.070500134641491
414,-156.3693751254657,436.6350528235438,1051.8157194837702,999.996604311896,0.01,-0.055022363675168336
415,-158.74766296066153,85.81960555709415,387.06408343488687,206.31717162438386,0.01,-0.10482298445938269
416,-162.4106241972125,67.16658424848045,347.95017134439047,162.83514303388452,1.276152899498655,0.03144941093791642
417,-155.04650717568748,416.4126768857997,1070.3337028608476,980.0567435948047,3.561488291296082,-0.08829046576140157
418,-154.51375971074413,433.3317639875108,1068.4568270402217,999.9948103385648,0.01,0.0856678993006853
419,-154.62938680651217,458.7985906464284,998.472902964966,999.9982060649677,0.01,0.03203398579292295
420,-151.90600739758466,457.71778821897595,1019.9588715168077,999.9949332090372,1.6998061117816867,0.09255184873485575
421,-157.35070874491214,441.0887964239765,1025.823309011957,999.999993359311,2.1776265134587005,-0.0645497393294184
422,-151.70843727810959,421.88530509230634,1094.1614801701264,981.8418979361517,0.01,0.006003665655191745
423,-157.88488057030963,441.1004862451271,1000.8067280331809,999.9982624630629,0.01,0.14476101990719428
424,-157.91445869360209,456.81373425708426,963.8022760737078,999.9839657361889,2.485066902392685,0.08855786547208121
425,-150.5964614121787,411.3889233886294,1107.0367583570282,967.4342157132323,0.01,-0.03894720411701675
426,-157.0629449406777,454.11050577002334,986.5609151364794,999.9998540289895,2.21224439536763,0.17046514568151902
427,-150.77749834986295,413.45534518885614,1109.6068920093398,968.51334899339,0.01,-0.042788124695253796
428,-155.42408862317995,166.97611389835848,547.3899451136608,391.74333748053203,0.01,0.09730832166722053
429,-150.71590618965502,408.30111702946164,1108.1269208892647,965.030275035481,0.01,-0.06398177568815647
430,-161.66955070905013,95.0923547263403,387.39968357953654,223.6797322684704,3.404930461304831,-0.0741379156415696
431,-158.89125527669066,453.5477079686773,961.900495216868,999.9998775649594,0.01,0.07487295977712947
432,-159.37687227369972,436.52868233433077,1022.114819598942,999.9997171469016,0.01,-0.017782868251442898
433,-154.5091101188955,396.92987204826875,1114.2794129077163,964.5884746155504,3.045626910508588,-0.03621391931761576
434,-159.69229850892313,447.942428138324,987.0622659937208,999.9998274187328,2.500597771966372,0.047316025265620905
435,-157.69370682050706,426.7430905501899,1070.8869083423642,999.999968165182,0.01,-0.00320378437354002
436,-148.73932365257517,429.2901722040209,1089.7128618280117,986.8979342851375,0.01,-0.020484089032205458
437,-159.19712098864758,86.31850699601134,383.02221391405,205.37681019423724,0.01,0.006796783843706091
438,-156.1204834800261,453.85311678810746,994.7468297334295,999.9997763541636,3.5996753603569367,0.026525821245094956
439,-154.8223473368699,133.84873814452496,507.58095369609396,324.59817026627644,0.01,0.0060058611357954135
440,-154.28238926356804,395.22106368118506,1115.5159866878569,960.2469016134046,0.01,0.001648167739767173
441,-159.10615077860012,434.4051242172586,1039.5682044581158,999.9932950895725,3.375957248325679,0.046355442395476565
442,-148.2835767294535,417.23164593807223,1177.4626368584582,999.9994078799922,0.01,-0.04812471085523458
443,-157.70306592651278,434.53393294127443,1043.9681974687517,999.9997580689945,0.01,-0.044842122159268534
444,-149.03246933252507,407.698176783625,1106.5393786432476,962.7642164160234,0.01,0.058277975418625054
445,-155.26322799114897,133.40899022570818,489.2917158228297,314.8954065757407,0.01,0.05041636268179075
446,-151.57238741911104,208.4796356358075,692.9713944307831,506.1008380682025,0.01,-0.06184557165035398
447,-157.50057917114128,109.60643022465624,444.61636255481903,262.36141560326826,0.9223912349847,-0.14753650078163943
448,-157.3747302456855,440.3099116248606,1020.4300488224777,1000.0,0.9192773451876745,0.06871928339270773
449,-156.34383695056485,444.10308219223305,1029.288491151361,999.9998739958154,3.589597372045745,0.11232871972328003
450,-158.5899728851757,169.36391379935935,563.2763076185947,404.3468633358708,0.01,-0.18760952021234445
451,-152.34996280359084,443.5722387212002,1049.4493023611917,1000.0,0.01,0.02022642041552229
452,-150.33696807476014,370.09656813636747,1148.4917965489985,922.9764116914993,0.01,0.028600535441829392
453,-152.43942075563177,434.1441662346011,1077.1414771907157,992.7288088622643,2.2565025114904893,0.043355907029587505
454,-160.35831533130246,420.56682101584374,1070.477710069156,999.9999837971035,1.7867477348967584,-0.09970916769077845
455,-163.78923997328056,127.0938050656557,403.7915921622174,279.92267689889655,0.01,0.0008661469565554442
456,-153.7945687116148,423.7328061541866,1087.3753794260526,990.1549278765933,0.01,0.03656306053884664
457,-158.8334461594242,449.13225716812514,977.441551612593,999.9876939224888,3.2080303636626053,0.04034122352042411
458,-157.63893837410453,113.6353958514763,416.59982302066703,258.8851463009155,0.01,0.004284685049809493
459,-150.185150221543,432.91368911935587,1088.6949613857078,984.5442174414364,0.01,-0.000253976222608791
460,-156.180345641658,439.09569675048846,1049.4914344612173,999.9977715066988,2.6226899756973543,-0.020405620411618256
461,-157.5023688458514,445.2209419921042,1011.6610568074547,999.9996534425936,0.01,-0.12400448512053319
462,-151.26887022969848,110.67163076749543,427.085334938327,253.29899399069333,0.01,-0.11598063034663679
463,-154.57733666385627,425.8007959493587,1085.3787842698823,992.7363990262814,0.8091225146880004,-0.01902099367241688
464,-156.24441210419107,432.7311990671197,1055.8103854586125,999.9887938130797,0.9356216381260501,0.08257690775684073
465,-151.59880307008294,454.8079846314531,1035.5659356451451,999.998652445167,0.8535096710443542,-0.1475364397149629
466,-152.67663320431464,460.9809107155031,1024.8415922307934,999.9999677103035,0.01,-0.048598418844323914
467,-152.95726895516643,409.1058335529922,1102.1937544076163,973.1416738853063,0.01,-0.06125729618613083
468,-149.81614227387257,374.43180496739956,1141.7884178981392,928.0196619045074,3.3765911089566027,0.18002316768901325
469,-158.04845778396245,61.66668764647692,346.52254051005247,151.86810901816813,2.156635414301251,-0.08116930087183488
470,-151.05318044163832,139.8441578805517,512.368037547922,333.54824961653736,2.923065510851644,-0.1728672154741525
471,-152.47559771997882,399.5328662447461,1109.2995134912073,966.3491778257776,2.5419223983795733,-0.03374597086384445
472,-151.37688485115714,443.35051118164307,1056.5039619962745,993.2615275892686,0.01,0.13253929279748716
473,-157.84804159467436,443.1103711377521,1008.7429065648954,999.9998084732151,0.01,-0.0629293317819641
474,-154.32600845640644,434.9129640459082,1081.755296693623,998.5020446489696,2.3756724889504097,0.17113076194988167
475,-151.84167401318513,393.73587458298437,1120.0438639979566,952.3189716366297,0.8323044826986076,0.05117012695762214
476,-157.99281318602624,435.5491895108262,1022.8852625583283,999.9998919669362,0.01,0.12025295793405748
477,-160.6275888773423,266.9329327153775,695.795084599238,611.6861361162935,0.01,0.011238152603892989
478,-159.75601203951308,438.2307931518713,1004.3615575574564,999.9993382525892,2.7866784190951788,-0.02727187727121176
479,-154.55613850337792,118.71929141119082,475.60816378017046,286.80185711711346,0.01,0.03622134198702
480,-156.22097566059853,435.2875282355902,1056.4869405541965,999.9999325309639,0.01,-0.015577502738114769
481,-154.23393264528565,437.6607230578929,1072.599974082233,999.9996153350654,3.9639457953389687,-0.03467271837954758
482,-152.71780288074916,422.3118754215406,1094.7755043143975,990.5576365470887,2.8778162445897864,0.07248323120318673
483,-150.97440886815926,423.7412000791267,1097.4007987863813,977.9525901495634,0.01,0.009277357051697552
484,-158.81688063894381,451.53601921789846,965.8226157229919,999.9968615685115,0.01,0.11107215977064788
485,-152.57406404914607,447.9238859905373,1060.3459021152996,999.9996677194066,1.890323911029038,-0.018002437266760866
486,-160.4833834607457,451.65030899109274,966.1689261002564,999.998623203516,0.01,0.06493803935542075
487,-155.42135486137232,434.387380392527,1061.7976348089737,999.9980463696717,0.01,-0.02413365789110644
488,-155.54533276023648,453.7753834022452,1011.2289226544705,999.9849645521183,2.3667693845943822,-0.00047580012518001074
489,-160.97990548925105,84.32822227573395,349.14143267579374,190.06915616144406,0.01,0.07073840963225837
490,-165.08241904633297,453.12962248017607,913.3350040581992,999.9983180211188,3.522721240229948,-0.10989354588754476
491,-158.33548030413615,453.0162114266871,979.1127827274063,999.9997482032974,1.7771992266223977,-0.0653440784933658
492,-160.28183432159608,443.5515043594565,981.6289469766067,999.9999575374784,0.01,-0.07760535144820674
493,-164.09188841146002,458.4379817412198,906.4409262098293,999.9992098696863,3.754672147243507,-0.006394727294724234
494,-148.30806285635526,411.30260559873295,1128.596261368062,973.2342018018596,0.010511824203824325,-0.03881801926173645
495,-150.77708446171863,428.31555180266275,1090.4878975493389,985.6006640918445,1.7615656146180896,0.039825088972497494
496,-154.00641345650527,444.7763308863887,1040.3169358402522,999.9999913533153,0.01,0.10187265034867257
497,-157.15829323631385,450.88494656269313,998.0434516406029,999.9969736642814,0.01,0.028286204025942084
498,-154.94706886138934,426.8344466118396,1091.585652849764,999.9904927324297,0.01,-0.037607201876614364
499,-147.92290150293044,441.7901807118095,1085.415553740491,989.4597897181837,0.01,0.023548699360130196
500,-147.36496157723766,413.7769439363874,1112.489044784069,959.7833845192047,1.4342959133543514,-0.04396851760185529
501,-158.73946477013428,439.65154921205016,1032.7751994366001,999.9999833587922,2.797706520753405,0.0015256308222406953
502,-154.4699299045682,431.8783057212369,1073.0984518346959,999.9976964377099,2.365692989246253,-0.11501019280587792
503,-164.59056023033736,428.0514076201481,1008.8955129229778,999.9918999059289,0.9660645689637546,-0.14286371671444884
504,-159.540044797221,139.02466696321525,441.1851782812298,308.54125166490525,0.01,0.002367578534905799
505,-160.56408118818732,435.04017565247625,1017.5932344327056,999.9989782477544,0.01,0.10783424967489023
506,-160.6339548125272,110.80854579436462,437.2002968803039,264.8415982394199,4.1161790370578295,0.027439164735511303
507,-156.30446264851432,418.1531709391111,1109.1390930434623,999.99717837861,2.329521623812976,-0.17194329267768935
508,-159.0753777968429,427.8479336841693,1052.0096510504557,999.9999253300759,0.01,0.025009743536079657
509,-152.90744247029772,418.7428223808672,1094.8514769108688,980.5774874442097,1.506856833862543,0.006133849056214878
510,-159.87147080243165,440.83132035233075,988.8010314869396,999.9984241388086,0.01,0.11885087796785197
511,-153.21643011107582,411.43049807413735,1103.066974994398,973.8817933547826,0.01,0.01953601311946872
512,-159.67578866540197,173.66968097107147,580.3761370744683,417.82816798669603,0.01,0.12543926609660608
513,-153.8927888309205,155.36299530464447,500.0892780837022,350.9783161037051,0.01,0.178767189159375
514,-160.58842377249354,250.73047570781688,609.3989812153791,553.6135840023421,1.222644092442736,-0.0011004553773242627
515,-152.78651896024826,443.5256329379692,1048.9186047088328,999.9999510072325,0.01,0.021785750027359305
516,-158.71113826852314,428.930178447547,1022.5818969463836,999.9996654556651,3.8558399934863243,-0.020301890628537784
517,-162.54624579818778,90.50841194374071,363.84269520965995,207.79055888694276,0.01,0.08777039287810028
518,-151.35580585620602,434.25647222165924,1093.058809582969,999.99750725401,1.8408575342547606,-0.05704726857155526
519,-156.5207598676825,450.7243728326506,994.0731218774137,999.9778177456191,1.9344948487501297,-0.014116689984655567
520,-152.66702245378582,385.6800285670672,1126.6908414079855,946.1508832092237,3.4130154466862184,-0.2522383965730424
521,-151.61860876730117,387.80816009695025,1128.5858944408783,944.0515613311132,2.2532742801770334,-0.0653058336764479
522,-156.23899942328637,143.7972307975501,496.9766584174464,335.06449364806207,3.249852067229342,-0.09930806334981243
523,-148.9882963798183,383.7213962421278,1135.5497190207298,935.2384517562216,0.01,-0.09620031037630768
524,-159.96163652262436,439.1797239669037,994.8977448070444,999.9992210873593,2.091208739462132,-0.04193673635710288
525,-156.0356202213363,431.80949202797075,1070.6710737587025,999.9999654558673,0.01,0.00627383608611025
526,-153.14573231628486,446.9140226573648,1051.9534074076494,999.9999715262555,1.5599997310427436,0.05852432034609043
527,-157.32916870573985,148.00022946936835,527.0737975962018,359.29978721201934,2.157669096923515,-0.18932599703611327
528,-159.96655662680524,98.84946802376213,384.6153594516355,225.76224719959487,0.01,-0.002410162632836741
529,-152.10282050334246,411.53545631649007,1101.2898909071962,977.9087645859064,3.3902441314547356,-0.018777735519544824
530,-158.47814943213427,143.59665550978383,462.16851518573657,322.8708428581787,0.01,-0.0855101506774799
531,-153.4816213540613,423.92914074894173,1083.3566772231723,991.1180863656963,2.76014707055024,0.011277770937303895
532,-155.424686399628,451.7522730875933,1002.9280390266446,999.9999985741512,1.8720736777451539,-0.07548185371675767
533,-156.5848775840792,430.60718557534943,1066.4931955326467,999.9998771347251,0.06033848872601471,-0.07406847798629404
534,-152.66154077008747,102.35639611851627,450.78346206511696,252.15818373021125,0.01,-0.25667606996258296
535,-157.8431916459268,443.25007802365985,1005.2710112480619,999.9619489811972,3.8182326484142317,-0.0844244953595875
536,-161.75815542904078,417.62005865676224,1063.97603768531,999.9967785871108,0.01,-0.08495717587260063
537,-157.85097909167231,443.34800570922266,1013.6029218461558,999.9952968375228,0.01,0.061759180483919277
538,-149.66367322732538,427.80730264930094,1096.6196946110897,976.3573451587515,0.01,-0.08806959355510133
539,-149.11807945332777,426.8648602635943,1098.3406518797258,976.3432874770999,0.6628296381696464,-0.08309379762665188
540,-159.9394486438834,424.76036469352294,1045.1492429724913,999.9948390711907,2.5742029571177776,-0.004139830830605261
541,-155.99337926275126,453.6474781273737,992.7167637445542,999.9998398116137,0.01,-0.04381937843895897
542,-150.63599803981825,412.5204853927035,1101.3016580614217,971.0052472640085,0.01,-0.08587641553111953
543,-157.08257442145816,436.33835723569183,1035.6261099035328,999.9998310118108,2.4371636163292023,-0.1685645367413992
544,-157.8187474993881,420.36905082789207,1063.0294469438372,991.3543581315665,0.01,-0.0635806945678538
545,-151.87198023795997,412.91480791428097,1102.0534918674284,970.513811430732,0.01,-0.08571425313927261
546,-153.16987139977263,436.2412873825874,1067.1895404739344,999.985478833643,0.01,-0.15996836523397506
547,-152.26605356435238,148.4148563653326,525.7993639699056,348.66414200862744,0.01,-0.15682930372629245
548,-160.0106871755519,439.7442117452321,991.6798630046168,1000.0,0.01,0.028165720491073985
549,-152.28899317446454,396.5286288211489,1094.721812870718,949.2650224279096,1.7777526849789131,0.06438150496027314
550,-162.95870870172527,438.2961479631128,978.1055001414363,999.9993100999924,0.01,-0.045907759446660076
551,-158.38096577232548,447.2503920241017,1003.2274069346843,999.9999869489777,0.01,0.053603533846154745
552,-156.96820814962746,447.92785126229154,999.246962593526,999.998852305929,3.601513261685353,0.12591985946775305
553,-152.9305332735868,428.318024083767,1084.4549965276447,992.6880698666392,0.01,0.045383205078111534
554,-148.82823277986256,125.4306966728791,491.9742323752642,300.0693754262352,0.01,-0.01442119899445125
555,-151.69638760681013,411.62274107767934,1101.8558950223944,973.3484339919102,3.2290710184408096,-0.05575995814673062
556,-161.4490977201687,464.8014656067189,899.4682121940326,999.9999199852397,0.01,0.06744283451811992
557,-153.6607406592092,61.83704247297587,341.46810857696136,150.37055726754522,2.9192363419357763,0.07180298968247154
558,-157.71885842245413,437.82936218248227,1021.8888200682101,1000.0,0.01,-0.033144832155713684
559,-153.72736004701346,422.3593587285841,1091.542344398132,996.6316375002073,0.01,0.046719542016803214
560,-160.29312446519464,82.06202311913822,373.7093563629102,194.60344470736803,1.1098188571708187,-0.08650772978230226
561,-150.9347461796397,138.2706942779176,513.5438953601723,328.7433561181628,2.323674410409744,0.09015576116250751
562,-161.33734043450204,450.47825342612276,948.7337800199887,999.9996302957171,0.01,-0.08876690075930217
563,-162.07500670559577,83.37769443062695,363.2012320064479,194.37479743854098,0.01,-0.08482069249029056
564,-150.66165103121716,414.57173208074784,1099.6107736738934,976.5381186441913,0.01,-0.1064210518392731
565,-161.14763743536585,439.4393743396996,974.9509877462071,999.9999930914674,2.1629863313181907,0.057205547784658264
566,-155.58990303030924,433.0395957591941,1072.6317461313915,999.9999270430843,2.7140043075007236,0.13327652373163945
567,-152.36725980882198,423.6101689217278,1097.5793586112077,986.464724649628,0.01,-0.13523106259709147
568,-147.49327725565698,401.2276444698565,1123.9086676347986,946.1035086522004,0.01,-0.18343354254187966
569,-158.42684415146914,439.63947693742733,1015.9208175031749,999.99773734836,0.01,0.01022510472395192
570,-164.7968096532348,274.91619455999273,661.1270611243983,619.4888715187118,0.01,-0.11999502017073935
571,-159.85176462612682,445.1248673965556,979.9331005145697,998.8811052033925,2.0725239071719366,0.010252795306353438
572,-153.75989024325213,408.88852685766204,1095.6828011034684,969.5563194902968,3.556079610582501,-0.042991616579071266
573,-154.68241697851926,434.9757085392605,1066.7107572411778,990.2325709120032,0.01,0.0604369258244755
574,-154.79530362149083,404.7692994948914,1107.9592019832091,955.950329094236,6.59182606043044,0.17074475619934026
575,-154.23276945490682,439.9532084222489,1051.46411367767,999.999979728003,2.985960031971555,-0.0625818081393967
576,-155.8184371839534,168.75331742817252,546.5733852217654,393.0076675160619,0.01,-0.017571944089494553
577,-155.62567086238082,437.8855566962005,1044.9854167554572,999.9960902418788,3.328684871377119,-0.07656761498218437
578,-152.01089185956147,447.72427527872526,1046.6413629260044,999.9920599703252,2.326949435179246,-0.01709215856013987
579,-157.54722527084076,438.83754442457547,1022.6229002303642,999.9941758653246,0.01,0.08827415497643269
580,-157.2127746042742,416.03689969707494,1088.5598278535463,987.4032288097785,0.01,0.054179027889932466
581,-157.49491365744086,425.98454285989885,1052.9920963518155,999.9999949109014,1.8992070840301243,0.09212336507908303
582,-157.71940947285717,423.16832679773813,1086.1283104941142,998.0989203389308,0.01,-0.03334835945301553
583,-153.82612205363571,419.3325747198359,1107.812623027183,986.9717109126733,1.9675775579162624,-0.09206986280069003
584,-158.4767381055417,428.8024533273648,1039.404312016083,999.9996641162469,0.01,-0.010486797276899967
585,-150.22708866235052,399.7178169248033,1119.4660571130898,952.3433939901906,1.2865953698184796,0.11957045213592252
586,-156.4641269335185,430.7978447049481,1062.5863900315524,999.9968472577646,2.8144922985700753,-0.08129287588812154
587,-152.9720868058854,435.64111879267523,1087.3917912552106,1000.0,3.6040026163977075,-0.056608181608853274
588,-155.81136508117112,125.44233924811628,459.55209190916366,293.59262295080805,0.01,-0.039805977920695484
589,-159.45781852745858,445.19841513811133,997.370074674148,999.9951373630074,0.01,0.08833236901018386
590,-159.1453982383786,432.313997040882,1041.874307164556,999.9994594884223,1.4665532268556278,0.05623935420234416
591,-163.41624562032794,122.11983471378214,410.02134731459523,272.7086378468728,0.01,-0.12719935834554624
592,-155.8639349112399,391.81927585718546,1128.5688659993182,968.3802445299098,0.01,0.13250328761475313
593,-147.52934236058758,435.0923885884888,1099.3765765968099,982.0556686747738,0.01,0.046316195389756544
594,-159.06602160217108,446.7708910539396,999.2253757205038,999.9748429770349,0.01,-0.141436383409826
595,-153.69577019033514,410.25107018285456,1098.3771111638114,978.4922469256531,2.8594251621402527,-0.10894749139970157
596,-153.4392162749001,447.16238144702845,1029.202109226403,999.9978825519603,2.0381682713585305,-0.0003594479312782853
597,-155.59191664894536,444.75235130323347,1028.034441337046,999.992044239608,1.269773334472363,-0.2376378372074695
598,-150.04296929354615,407.12420835482897,1119.6225175854697,965.3541547143446,0.01,0.0965468244709166
599,-156.15019397363807,442.64319168216775,1031.8456967494594,999.9964256453924,2.253161425528514,-0.0042860761699897885
600,-161.2240016206681,456.61218361079347,931.3070480396792,999.9988983696375,0.01,-0.04463228298432285
601,-161.5759673831495,75.34830179223275,356.6629138033207,179.61948799710316,1.4049844570430106,-0.1213670126394813
602,-157.09922577985031,431.91979678762965,1052.0068642346178,999.9998672026967,0.01,-0.0584601131600217
603,-153.51720342565793,426.4852278491531,1093.3319749823988,999.9977392845146,0.01,-0.062264390068659345
604,-151.28727851338465,422.32046869493183,1095.652092605885,984.290189393349,0.9480296787761924,-0.08207111570274096
605,-150.86340425221695,433.49569688550855,1086.6005733869297,995.6075071352191,1.960242274003825,-0.044202000128409365
606,-158.29354785470292,99.8998470463047,414.4535178345175,238.39980270346396,0.01,0.015825557705448613
607,-161.29962023006436,448.95162159794063,952.6461046595819,999.9969179046486,3.6252763082542145,0.03174566104879983
608,-159.26778341726717,454.6315212715087,964.0711917779535,999.9868611902159,4.216011581780671,0.013769482885000305
609,-161.93755647868693,454.7301960608742,938.463733072493,999.999371075968,0.01,0.018875472686280495
610,-135.4188393089267,307.9497781673469,1227.315472678451,829.579633877617,0.01,0.4526381566557196
611,-161.8745495702519,436.0195880351906,999.9791962829531,999.9989010885122,1.3272283451118496,0.027985030908947585
612,-149.51194941457982,389.55213220648784,1130.0500861812443,940.2774984290339,0.01,0.04890671704445125
613,-151.8417931980231,426.54900826322296,1085.3656534467918,983.2521558016255,3.17589734334166,0.11610639721930949
614,-145.57690312245273,382.96758527316234,1140.1460142368362,924.7546830722704,1.8560174481177398,-0.04004631148852577
615,-159.54381575625024,442.6527114118128,990.4140438447763,999.998937500135,1.1597400888710936,0.13357991725766452
616,-157.56512955868317,444.6385325206986,1017.5473030920576,999.9999612208887,0.01,0.03719932719756865
617,-158.28955502036231,413.4112945255929,1089.591047926635,991.6109884021041,0.01,-0.20680346369568267
618,-149.11936072562037,396.2584362328901,1123.6205258333111,950.1190976851211,2.2721743657540805,-0.06706374703799584
619,-152.88560991369673,402.716696701695,1111.2200285706372,966.9380198980239,0.01,-0.0324139980615258
620,-152.6903365135419,286.21073517144964,901.2315675103292,702.5668853709674,1.213819167601943,0.028951010901411837
621,-162.2450102057297,117.09549287937072,443.25226985376884,279.7416637011326,1.7744688332465548,0.0150664560353262
622,-161.3097425244704,107.57953556049178,433.835332147968,259.0276059405594,0.01,-0.06883585680211571
623,-155.70019348111404,435.6831566257527,1060.5519277391952,999.9994090233283,0.01,0.016867341768518555
624,-155.41345634636323,442.4422844147995,1031.9288394461148,999.9979442277742,0.010038126006687862,-0.11432700907404121
625,-158.23734975346565,76.18897618598385,373.5870664881769,184.29902719884143,3.1647263650125526,-0.007906852650172103
626,-154.40679929619236,432.49358115845604,1065.645294698059,999.9998585655289,0.01,-0.13008592952796616
627,-156.47364317236566,441.4093244539249,1021.7489484373762,999.9991483782262,0.01,0.03664932032879017
628,-157.18835350133494,446.9645888864531,997.4289550106763,999.9839547631847,0.01,-0.002966097070859163
629,-154.14221332040643,431.06944641973047,1067.4097495609842,999.9999968639713,3.0067810180627887,0.00040342828643016024
630,-156.59226439459906,430.0110202310533,1054.4089075103457,999.9985772420844,0.01,0.01422985259879671
631,-156.22168169805263,429.12447320189597,1070.4311538839784,999.9999649431985,1.1348020093290505,0.04764146016076959
632,-153.79514330774123,263.156088499911,759.9111631266913,619.6965694486004,3.096282021189265,-0.05191595874275841
633,-156.95407869095752,432.109915453603,1051.7811237087155,999.9995576828508,1.5971168063543304,0.06468003769679065
634,-159.47727553760282,430.10337636263273,1027.377461900958,1000.0,0.01,-0.10457690817591035
635,-149.70715233809082,102.45416879778058,444.53956424588915,248.18905657908593,2.1549147916472235,0.07027977284520888
636,-154.6702421722452,447.6921928841985,1037.5655653689523,999.9999637298195,0.01,0.07449577790177032
637,-151.46319449829574,424.74608717167854,1096.6660645767456,979.5038347375865,2.1161012470190093,0.1712202000007137
638,-157.07413378447538,431.9694924592573,1040.5912562091028,1000.0,2.485159348601766,0.08781213704945108
639,-154.42564744382818,445.4272583245616,1043.788199576381,999.9936024805193,2.7942814390613866,-0.009036619679121081
640,-153.13595968657557,418.6428689895401,1087.9690164935805,976.9100185436603,2.3409381593625302,-0.11230322542477304
641,-153.79620842473327,434.35126719884266,1077.7008213288839,993.6424584948772,0.01,0.007830520883829212
642,-157.96722068409542,425.76861501210277,1075.1705263686285,999.1547374068131,2.8076051013391,0.1602549377848108
643,-152.04587809205782,386.0396956182999,1126.1006433898442,947.9308461335688,3.4506398253393527,-0.05232301117115507
644,-148.06696144651053,430.4232992003748,1097.3093195069478,977.1628185911279,2.473982334995317,-0.013560220610819698
645,-157.51543357781415,429.6943259677394,1068.9124060712525,999.9999987923518,0.01,0.10040865831248232
646,-146.68000331975347,406.54939963356503,1089.3610709184723,934.5147548898901,0.01,0.06025520656924986
647,-152.71913250947384,437.5489696659057,1071.0593693890912,999.3953773651239,2.640875678593107,0.12626752788737958
648,-152.1093218956519,415.7444349337022,1100.0729882490107,974.4250275541619,0.01,0.007604161128698212
649,-159.96868892222918,96.69266642682464,409.00238609016685,233.80135287980912,0.01,-0.07463298790397181
650,-157.03578636455453,439.95603220647837,1024.7777208841683,999.9873058985105,1.8593713273246946,0.03761782147527332
651,-157.32620715526284,439.17675741179966,1039.6069938861779,999.9996860701536,2.4226153428176214,-0.13026136663778295
652,-152.8123077197955,376.5679541911392,1135.378848605531,936.3484244841619,2.7037178995261817,0.12599428126654552
653,-153.96786736998308,120.67958128902323,445.6825611225477,279.8074302348324,0.01,-0.027533830278858997
654,-154.8352552586789,434.62590315055644,1059.9815318205772,999.9960896159142,2.539097931409723,-0.04810396144557711
655,-155.1350293165251,436.5494338990557,1059.2584456121483,999.992679207224,3.380166062418154,0.051357473541723056
656,-154.12065176383493,409.90746713872875,1119.7266571338455,981.8090347040971,2.1714124323930486,0.07207747378215718
657,-159.26249504162092,446.8365401035107,983.144111734728,999.9922469354526,0.01,-0.032180940196260326
658,-155.18339399430099,406.96149618390285,1109.6456127204908,978.3346720273856,2.624489068373528,0.0003661653186523545
659,-147.72801542085378,392.3360241681311,1129.842985880948,940.99868769755,0.01,-0.001268503873943911
660,-155.37015602712123,433.43301605530803,1049.9905416766749,999.9983606715855,0.01,-0.009384423905103943
661,-156.12728864245588,438.1910271753318,1054.4681499462179,1000.0,3.1303303549690122,-0.020567889022301406
662,-155.24062969246032,436.8982495807616,1043.6179815403143,999.9995495092955,0.01,0.0829184649553621
663,-148.45451631513393,411.7520719019209,1113.6956302179315,960.8662584666882,0.01,0.023488072319915013
664,-155.03704378675465,144.88190252234983,521.7963823992,348.0479508853712,0.01,0.03511900393901477
665,-152.9296158372659,218.47048111773717,631.7025792303347,498.80158516884313,0.01,-0.050280057050058925
666,-161.92733238847632,441.2607231398278,980.9996739082119,999.9999137430791,0.01,0.06232946192001085
667,-159.17149324597713,450.34526362571205,979.2102623879138,999.9941324245842,0.01,0.07902914802346389
668,-156.7990488679225,427.8494926501616,1052.3563661954545,999.9999872896122,3.1799012951803314,-0.005587803719654944
669,-151.8117826673171,425.74371602449577,1089.9730923384157,987.2395100686074,0.01,0.028083398525494824
670,-156.60622618621113,126.0482071157012,464.94837472163044,297.35699037068173,0.01,-0.05971295748486425
671,-146.71198347392655,408.853722390879,1129.5159019535997,949.8872535274643,0.01,0.024152685143335142
672,-157.34080653253287,438.54422626691485,1036.6915112967154,999.9985889012962,1.3338558136494885,0.034613915503199866
673,-161.34495053117516,419.07535042674016,1065.3730286140171,999.9980382382768,0.01,-0.045475710389156654
674,-153.62721294978093,412.857369059209,1098.739459915119,977.2014836139889,2.4979097466306146,0.09640223125305546
675,-154.29645743766784,420.69803525323255,1086.06802949569,990.0493933476506,0.01,0.2369024635727436
676,-154.17969095501633,108.62708969984696,430.664574602948,254.9251394733239,0.04104929138950541,-0.14525089040494796
677,-157.01195037702072,436.2746404256855,1025.4949102922574,999.9856191699289,0.01,0.05633645886520454
678,-150.23458408420473,433.01921030250116,1103.468363480022,987.8778505437233,0.01,0.048849380437035995
679,-154.80552011701437,433.9117885140933,1075.446622612017,999.9999833962921,2.6069026979262495,-0.04239388396866783
680,-158.86846020696473,166.73124278206404,532.0921062115133,389.19475955380824,0.34232834240704346,-0.022985425373690922
681,-157.22058817874975,415.728874993824,1084.5278103222709,995.5628402313284,3.1976074556862435,-0.03396301980466856
682,-153.15442305426183,258.9259068739802,745.9866162958094,602.3324313650348,0.01,-0.10549146636418143
683,-152.65423510537968,446.8011616029211,1055.1684894005543,999.9983925531444,1.2401398575954374,0.18147836872792716
684,-151.21182676721293,406.68971299479796,1104.5426366924123,963.9272839997966,0.01,-0.15433341734051106
685,-155.53935233548344,427.57338764747533,1067.9761826331594,995.7799043972451,0.01,-0.009206838058204153
686,-163.37513189819137,428.52194665286663,1008.7807663414702,999.9998590219928,0.01,-0.05973457231064898
687,-156.548833484261,426.7455517864262,1067.2723360288103,999.9999454229533,2.980786031765879,-0.04444651162379391
688,-153.23542011926747,421.5439756425192,1094.084906923886,983.9375446486036,0.01,0.1717225234107221
689,-153.2755987616777,409.8656738535327,1121.9917084979181,987.3634488751743,0.01,0.06740983244423245
690,-154.0947133228316,437.0740767785697,1052.209303405726,999.9998541395707,2.709233270258475,-0.062112310017208766
691,-156.09562162760653,445.37785209147387,1036.6501986870728,999.9999372729806,0.01,0.04003028425463622
692,-148.01207079291214,166.38994696467012,637.318527604209,419.2942688595271,0.01,-0.010878801277271448
693,-152.8248450441904,425.33699305370783,1088.1489811322726,993.3528692285549,1.8857875367172583,-0.03969369562695055
694,-153.12291580892136,401.14207597526337,1116.0868667082984,956.7886526221432,1.6523178216185825,0.03077203480996532
695,-154.7567594209997,408.4468967262352,1105.2367479249538,972.8584108334035,0.01,-0.0017329933141329915
696,-153.61740543103684,436.8955923209884,1083.7809962569017,999.9999140213556,0.01,-0.06791422066992625
697,-154.20244764598263,422.2472965851178,1086.2338297004567,991.9487027313736,0.8116071773081953,0.007152885252347064
698,-151.85995192461493,411.4438596498091,1081.7621112244055,970.1045675095181,0.01,-0.046593517119801954
699,-150.73355518342873,414.74795214279754,1095.3506964541236,975.212376220875,1.4906016836336733,0.04034043710993047
700,-153.11773486544084,160.0314581737018,541.9605239525112,377.1944586232766,0.9909545385257738,0.0074917276410275315
701,-157.84322894078656,98.51306234051951,411.9921534583165,234.45329624379562,1.4254001896063386,0.038309806578858865
702,-152.45507049610922,424.252230098828,1089.589673318883,988.7282369301568,0.01,-0.1040159429778849
703,-153.92359324297453,437.9832478294464,1066.2201466969025,999.9990235246337,0.01,0.07258445283416963
704,-160.64561509701971,97.30888846357315,400.65082232205253,227.5481952006236,0.01,-0.10770679482384507
705,-152.5733930956666,437.11478302970465,1083.6780334869727,999.9996214328925,0.01,0.07873804202849903
706,-159.92462802369195,460.86743763989784,934.7384369178322,999.9987201056025,0.01,0.04562353387585749
707,-156.2020079079636,104.67224466964164,437.9392337814372,254.3919211558964,0.01,-0.010584681203280199
708,-161.7683101519333,431.6555759225335,1026.4043555087944,999.9833969741056,2.5445344987242033,-0.04558197384673637
709,-163.68353058839307,77.64328815268381,344.1880691804887,177.02021319487102,0.01,-0.09358838638112982
710,-145.63164931381857,380.9110883814361,1145.1407154766712,922.1092575308076,3.2102283940371885,-0.2515979818020436
711,-162.61962592471573,444.09326802394264,954.7881599940504,999.9945209246032,1.8037688013585933,-0.03196765317603572
712,-153.8932193378912,449.6540686237884,1034.7779358561409,999.99914124738,0.01,0.0009700908790991695
713,-158.67723448064564,429.9524988236805,1041.1080294479161,999.9953629058509,2.1313193861113744,-0.04391611340267112
714,-159.21964381285522,434.54263541440355,1025.0927674573197,999.9995983984328,2.151473072128718,0.029071265444244775
715,-155.87514053355338,92.48163439481695,415.3073093047816,225.72721766045092,2.440231643287137,-0.0032001451580121526
716,-161.35988727991472,441.21292967290094,986.1250076155588,999.9994424078585,3.2789880364820583,-0.050949108187351294
717,-148.58580580085913,412.71003010906134,1080.577394211519,951.933229674804,0.01,0.07293276973365097
718,-152.80912978738556,425.8194421427194,1102.4215470449121,997.3715967640597,0.9295933592488353,0.09937735593970574
719,-156.78600997464915,397.69096646950663,1104.396878512082,972.6710210319851,2.6278450447746367,-0.05128605127373584
720,-157.49584692980798,414.6720057997189,1083.9931213113844,987.2198598582626,0.01,0.054187912814375516
721,-161.81962320447548,440.600761307925,976.0314888003131,999.9989322307387,3.0953036841634214,0.0060641312860068375
722,-151.34104346448677,429.19596808703966,1086.3624552551216,987.6436198051571,0.01,0.026331986143549462
723,-155.8880309174475,450.06555813273303,1026.8981203732328,999.9999932284295,0.01,0.11397597436856374
724,-158.11775558111472,444.25188577884103,1000.5706370246157,999.9940694257182,0.01,-0.04953139510395633
725,-146.68996108313334,416.61839982775064,1193.4954910591002,1000.0,3.2064543882641328,-0.019150232970589567
726,-156.99275465688237,443.21564233136695,1020.153446569204,999.9996918706662,0.01,0.010299311388795843
727,-153.0790699388727,422.9465720978439,1088.3425429414187,990.2344425770748,0.015171311284331183,-0.021750881316828622
728,-167.498111946479,86.59959064053693,348.89601594203936,197.1964875064,0.01,-0.0681434664280382
729,-151.3989199932985,145.78165432791343,530.5473281034481,347.11280531420135,0.01,-0.05880030968329528
730,-157.3198470792221,434.1252303019173,1034.1261082503895,999.9995022188367,4.374364635557202,0.1659470879810465
731,-157.05130219062946,442.18616245772864,1019.4412714017556,999.9994630230058,0.01,0.008494085121052927
732,-154.04064614014916,418.68948821493774,1089.3757868658192,983.02499229748,2.3390002051045653,-0.040939223290065115
733,-155.69168262462836,429.78639904088135,1081.3385437141524,999.9999760685928,0.01,0.07639547452855686
734,-151.51493223720936,408.5727376103609,1109.3562044659689,965.5703806227306,0.01,0.0066915581775754355
735,-159.26301927189274,86.83393747217954,388.5704239807207,207.62777801864178,3.046280110210457,0.04133073087600643
736,-156.06493691169973,160.29983600975078,514.013087736741,366.7386317444794,0.01,-0.004463951313958321
737,-159.3310281104262,432.4471615146453,1032.7889166468317,999.9999429852616,0.01,-0.061964369900837715
738,-152.90430494567156,444.4745386887806,1052.4406769184259,999.9899728930704,2.2631890898187965,-0.12620142393887734
739,-153.65173979435787,246.95794941399495,747.7378340534511,584.711273069461,2.178195502511208,0.09185082469848685
740,-160.66170335813342,433.18056791905127,1008.211802748612,999.9987937282851,2.4475101432219692,-0.07155114363993804
741,-154.96333454617593,428.21193252961416,1091.7361999830991,990.8592699061265,0.01,-0.18615121329740883
742,-156.65478213777186,434.08329668323694,1042.7060167634654,999.9995923841515,0.01,-0.024680038055520496
743,-155.3578610377136,395.3442397405209,1112.0897661379684,959.7778862731941,0.01,-0.16674967815065356
744,-160.49927287384335,78.72349628348688,367.9085708984559,186.99481170604795,0.01,0.026993722883615418
745,-155.2985606898921,434.693488572773,1061.6772694206447,1000.0,0.01,-0.05438628576626449
746,-151.6981276130875,406.1745475939578,1104.5549935466586,963.4526041335523,0.01,0.034408009821878666
747,-151.12778372755884,402.192543119492,1112.3691161633578,961.144328975695,0.01,0.018833049117240205
748,-163.6633706642261,87.7790573026414,382.7217789651041,209.65121157351675,1.2896780297829191,-0.06381738428411222
749,-147.9625422553439,382.61099676824296,1134.0470403190693,931.5738764669333,0.01,-0.012942231966117114
750,-146.76950580253524,384.85151094556926,1137.9232281857307,929.2305827777667,0.01,-0.10769567351327085
751,-158.33181617923717,90.39812629858285,402.3295621993119,222.2287214370441,0.01,0.027026114545092513
752,-151.357416298833,414.75592913649047,1098.1821015765352,972.7625689451238,1.0396347480291308,0.06098332939034359
753,-155.82921410738382,423.83223455258155,1094.2097413332694,994.1097138338844,0.01,0.05854035487187789
754,-153.9441358204126,430.8253920915365,1072.30100175399,1000.0,0.01,0.10906622659632743
755,-161.70358910098497,441.943843956227,978.6675213297221,999.9897214160968,2.422906078170467,0.08622052130479838
756,-158.10449790093088,443.5459200688633,1009.1331676724993,1000.0,0.01,-0.16404671994133369
757,-151.83533100418626,400.663150762405,1111.8927671789654,963.1875981430518,0.030332885781440916,0.0045593088113000824
758,-150.37762020782046,407.13940610400624,1115.3661253004666,960.4012316722866,0.01,-0.11283675669253407
759,-160.19708837070235,429.7164168507477,1030.328334355337,999.9995816813347,1.6446748559994333,0.10369977676347845
760,-161.78460742379602,445.3128394085585,975.5746603972307,999.9988769434436,0.01,-0.031375052777512034
761,-145.9672196582059,381.2040512193199,1144.6509470216117,923.4315592516928,1.8729643788645303,0.019325184139000615
762,-157.26450911768134,438.57418293917203,1025.6989291882996,999.9962226932298,0.01,-0.00021924885689573496
763,-161.50950065179822,453.1206036429687,957.8391882427466,999.9990555480964,0.01,-0.052460420665951316
764,-150.10036119796692,392.66250528883586,1121.6929597740686,951.545811844463,3.132074609651733,-0.1417710339513786
765,-157.47196330795109,424.7442487978354,1003.9087891828706,970.5400082331572,4.007130067099937,-0.09682424869095453
766,-165.41178831725853,455.9462038140022,886.8007672340325,999.9999550071512,1.847032040556769,0.0720727292356631
767,-154.07834552157576,146.96331641227093,521.2772063568619,344.47045941170035,0.01,-0.05508286628165695
768,-130.85159345161492,355.7077324904097,1192.4094861312487,863.547922911869,0.07780824904212474,0.043486845858433563
769,-159.9894676485449,443.4555905363529,989.9766678860672,999.9980497253104,0.01,-0.20893007885532716
770,-156.7954854733584,424.36909916213807,1062.6698230187546,999.9975123974148,0.01,-0.05351521846607292
771,-148.92379306466404,421.52921122247056,1105.88633420498,970.6837577163654,0.01,0.09411840391127801
772,-162.74563710982164,427.9305598312185,1022.5917521654286,999.9996191849319,0.01,-0.15344270184341038
773,-150.20993079353542,411.47385176686174,1107.2186763801376,967.4055364691437,0.01,0.04460766480492354
774,-156.300881438399,433.39337104036895,1064.1203308313725,999.9978810473268,0.01,0.09475357277618854
775,-160.55409775390348,430.3633500312119,1032.4813689458015,999.8753354727359,0.6444276587730116,-0.13344081598418547
776,-160.98189626651381,106.66994471439472,429.5899239391687,255.36630061273786,0.01,0.06678704561792445
777,-150.6177356636942,400.4288650898626,1121.5450433025517,960.7321028582215,2.839728555945319,0.009007897760257698
778,-156.3386474841892,441.25060477559447,1022.62771750414,999.9999328581466,2.985745615803416,-0.09187412107972738
779,-158.70759177712205,426.90629351248657,1058.7920751738302,999.28177826368,1.255701692945171,-0.07227197028567302
780,-157.53830979565902,422.52396182842296,1079.4310889235146,999.9922951178947,1.3556261999112975,0.03878684232724378
781,-154.0913841048011,430.44086734386025,1078.3861675442247,999.9570993966797,2.515934137504346,-0.034595708642182456
782,-154.19891491810012,433.94906775008184,1069.74210716577,999.9976552805433,0.01,-0.015957141273743782
783,-157.68493856784568,115.73791272573911,461.8671779820732,284.08040454109704,0.01,-0.10329791046079001
784,-160.0316443916391,422.1634141856685,1067.1275059349564,1000.0,0.9659131532659331,0.10164928826046223
785,-154.71832881854263,441.3537557769694,1047.6229605194364,999.999535205184,0.864387316928015,-0.16014641602908403
786,-158.42909247258476,437.1793205033147,1041.8193320719406,999.999080609275,2.9154575384587837,0.051660526172581864
787,-170.2710211481208,94.04292237697359,363.1795636602498,216.1651344310573,0.01,-0.22816761556099452
788,-155.89980736202847,115.97771865344535,439.96191123410665,268.6013198699595,0.01,0.002027151864991606
789,-153.6221722732328,438.58031215442537,1080.0487868439466,999.9944212449001,2.7883213047618747,0.13499322715167236
790,-153.64976440242467,444.90523976142936,1037.088942247052,999.9993904500138,0.036077584230037804,0.06837351862786982
791,-153.0145897624282,414.2450913447038,1092.5931624856223,977.5282749864783,3.8550672077377475,-0.0847723267891507
792,-152.70396360341013,438.3098217063494,1087.2439278221027,999.9999688472352,0.01,0.004757813821111966
793,-152.68514624819798,160.47903725365896,542.4322200888266,377.060221818147,0.01,-0.09860168344351115
794,-158.94922071206926,425.86029262552614,1061.3988188270898,999.9999843380263,0.01,-0.1255415036454321
795,-158.25963377701495,454.28187699320364,963.6502953925342,999.9987278555907,0.01,-0.07679147249790705
796,-157.44983211932484,439.3127230887248,1033.9667014880451,999.9972514500342,2.3148751916532895,0.0523860438376161
797,-160.02191774792476,107.54171583259857,453.94093256755366,267.9934793385481,0.01,-0.04785318051778541
798,-155.51141537463636,93.78039094374624,423.95349380108865,231.00132064371886,0.01,0.05153084250597456
799,-163.42031734543107,449.0772923835152,936.523835581001,999.9942133818394,0.01,0.09831219180850977
800,-151.5835078468956,439.6877904464392,1077.4555561148843,999.9926940535624,0.01,0.030380980124569672
801,-153.78821518762192,419.0620647566881,1089.7494280037085,988.0760857183199,1.6091003221829765,0.04398967235907381
802,-155.9089792089329,442.3396245729758,1038.4119276449628,999.9954312738371,0.01,0.06860629893102659
803,-159.9187987929416,160.70355984992818,538.6968278245769,386.1220558191952,0.01,0.07233883730874291
804,-150.24755253273054,378.49424273651385,1139.7529957840154,937.180881399622,0.01,0.0818844600368148
805,-162.7016318187522,429.63237563249476,1015.9608840928249,999.9988967707824,0.01,-0.19102506708131925
806,-152.85589222480937,445.1235445691054,1043.353128353098,998.5160057104424,0.01,-0.08411428141546448
807,-159.12519866302375,437.5934801847654,1018.9251947799748,999.9908641666768,0.01,0.029775611035810827
808,-152.99202799087624,433.7429422211382,1082.9289236296972,999.9995695707895,2.495340744199875,-0.01254780295537592
809,-161.69176733479927,438.93674158676504,981.9159925466573,999.9999297707468,0.01,-0.05276748546162421
810,-157.69095621918552,453.61578457583744,1001.6818247976902,999.9990298932594,0.01,0.05096918480139043
811,-159.46395496677374,435.7395536330276,1018.431945494462,999.9020203001297,0.01,-0.06814793884798284
812,-156.73886711789498,434.0363469259003,1047.803672775344,999.9999124051755,4.446928673533352,-0.08654358818642172
813,-156.4007990189059,433.2685203552535,1064.5498324858308,999.9999965229764,0.01,-0.15462373401899296
814,-159.92155473621364,429.38445993707103,1053.456334365677,999.9999839574584,0.01,0.060003155161388134
815,-161.52578787591034,205.16199592307723,584.1151138721368,469.2291956519377,2.039081594055408,-0.11298999991755426
816,-149.3689592943422,366.8104370934289,1037.1980224707854,880.2476914258469,0.01,-0.000778294779989322
817,-160.56603437966152,456.68475342279146,933.1656364759916,999.9998542344106,3.4022088821994854,-0.04186572501020655
818,-153.43516968229167,442.37347139589053,1070.1550190719583,999.9999167181865,0.01,-0.12745117310868487
819,-157.18229513592445,436.7265035666024,1035.0635228666374,1000.0,3.0655680652425685,-0.1391920423028875
820,-155.68628524731892,429.93370380759296,1079.7175978007265,1000.0,2.83975127704212,-0.04918979526008901
821,-161.96288438444668,458.8080136088202,922.7273602398018,999.9992139084691,0.01,0.09253318384038617
822,-159.16715455446695,451.91948119858955,975.8773316723509,999.9973323645235,0.01,-0.045885174121911565
823,-155.05748550324816,185.89953165610441,570.1118914950159,428.33800014852625,0.01,0.08163583943976467
824,-156.4784630975904,446.85528858352075,1005.2593286405656,999.9993840513462,0.01,-0.07751347512629034
825,-155.0772486963953,438.2771500401614,1049.8986873588753,999.9896751096444,1.3924633599111267,-0.05891742000864754
826,-162.1737699984998,95.7636941967628,385.6695532171965,222.96653421911628,1.8298205350029646,0.003590427917417324
827,-156.04434845605908,432.9656835103858,1047.5739273372865,999.925931783483,0.3816246430852749,0.07893140664999798
828,-152.61519676674413,429.980764927927,1051.8536436492348,982.137063025682,2.3353080921563794,0.0873190533018872
829,-154.27821148744582,443.9930267386357,1063.462651000581,999.9996336100695,3.02508478854912,0.0521294347707603
830,-151.16283553081894,166.54774774779395,546.7520246751069,383.3295959788452,1.8383492233523746,0.026864958858360755
831,-150.05057621142367,417.0698993801167,1097.6164339060188,974.8696891636137,0.01,-0.03596602730950669
832,-170.29351341812452,75.01990507470525,348.45641350342584,180.53141712228236,2.8781630375474236,-0.12545212040067777
833,-157.0805992224852,419.9938242594454,1061.4899184242415,986.2272598987772,2.3127743031751233,0.06923965009414465
834,-156.4364309915349,437.1861204285732,1031.8510468084994,999.9994773850078,0.01,-0.04671500770577815
835,-154.64222394473413,408.02638550356926,1087.1291799322696,965.186700622652,1.7503372724541602,0.03402636280283102
836,-150.4103378050117,413.8078683475363,1104.106965632459,969.0174075538076,0.025706823323556463,-0.1494911395911107
837,-151.5863756232498,422.4008214284081,1095.6003764626985,982.1671632200295,3.1546857176090306,-0.03813358243407801
838,-160.5486222361356,446.0075065367932,972.6648209628671,999.9998581470832,1.9179983222531325,-0.08476230034265829
839,-158.37818603302682,458.5562773401565,961.2168854156083,1000.0,4.131957907316421,0.06862149592436478
840,-155.7225920941263,426.6246509531672,1077.324275648797,993.9164756418137,0.2575341887352095,0.049215306480965636
841,-157.94441747254103,441.6991839142902,1029.4616714140616,999.9999082666518,0.01,0.10252906814372897
842,-160.86829223899053,448.661347913043,904.973951302226,971.0853370565119,2.4946067048282594,-0.1590794611985442
843,-151.26795812274779,441.35992836425544,1072.0815669389635,1000.0,0.5869928011026796,-0.017913819750777427
844,-159.00341814273293,399.9167892239564,1101.462195808837,978.8672074641072,1.9157794830314816,-0.01190031271163126
845,-158.81992957708408,431.2033672673859,1046.5503395351286,999.9985202077429,0.01,-0.22561767057412185
846,-154.74566320072356,449.9051053887184,1005.9612953199912,999.9976063192737,3.615175943206458,0.01840680480656297
847,-151.78687611781177,452.8769201969405,1046.7517928850748,999.9980016535186,0.01,-0.06736914257172986
848,-153.04712170009554,175.91988147135206,636.2309458066246,436.9328024940722,1.4054313896594326,-0.12210156074090112
849,-158.25509255936288,111.93616919390838,441.9366457852514,267.17000721944925,0.01,-0.019860324451897556
850,-153.25874315348898,432.3238131233149,1089.2066359782082,999.9987446657407,0.01,0.030910084577267696
851,-153.76512905027735,434.68797503724994,1077.0401795116506,997.6475364345536,1.6744655548703389,0.05606179754814961
852,-162.02536764061864,440.51737009427455,977.3569286941274,999.9536828967908,1.3672365489133336,0.09948595865373691
853,-149.31869138559838,419.6935742226613,1105.1334618833162,967.5182633964431,0.01,0.005214914407922914
854,-161.6092965439296,79.04611647821632,371.40057196103936,192.10496760033413,0.01,0.015105339344307474
855,-156.95768050251294,234.01136441383474,704.6243678562942,554.9776030140118,1.1190232349144493,-0.028530075882773523
856,-154.45836768714886,137.6816103938213,494.8218227294302,323.52911467306114,2.558752923992276,-0.05132200124183395
857,-151.67440496232055,418.5389398099642,1096.5061266424655,978.9737672248436,0.01,-0.06068844695608422
858,-148.6672843623333,409.5335545349053,1088.603578251368,949.153937713001,0.011120527268952683,0.12530289225060368
859,-159.19643504280654,158.29761397428697,543.26301912971,382.28635240364736,0.01,-0.11900039073386216
860,-156.1014546742111,235.80610850719347,659.933466983154,542.4668020066376,0.01,-0.024074067130959064
861,-159.14140625319152,95.67520333214354,413.51955117419743,229.4230799905952,0.01,0.08397879321178674
862,-150.63324339499343,441.9965083337544,1101.6824539893082,999.9998337166103,0.01,-0.01969972637633444
863,-161.01911948104714,452.90590759508785,953.0137233008227,999.9997677305715,2.7735380236330767,0.024127528101590225
864,-158.20888675920423,437.7381436713099,1022.0127740085993,999.9999980585094,0.01,-0.001871241555779458
865,-154.04426607306584,414.56426789226657,1093.4494399113707,977.7796492333218,3.1848959262185526,-0.04240743386694442
866,-151.9871099269202,425.8039781890597,1081.9492506200897,982.4069669705173,0.01,0.028336635977996207
867,-160.2919347764776,442.10246185067035,998.3038446150063,999.9999555394861,0.01,-0.004642771138986654
868,-155.48989986902836,248.66140352970996,705.9415015993582,581.1036235758419,0.01,0.03256449521765022
869,-152.01456320820412,120.1450892990479,462.98269662288806,287.0157410981194,0.01,-0.07780496923138484
870,-158.3728623983321,430.2840498591887,1051.2821722447102,999.999922308138,0.01,-0.023086349124357648
871,-153.56643073404805,449.3170432046084,1040.7963592473427,999.9998605447761,2.535952207585204,-0.021297060604367056
872,-151.1976338731432,426.32105303168356,1099.4363464073804,979.7491536920679,1.4935291047564452,0.024738917012254353
873,-161.7544276592349,452.7734979741812,940.5353910837675,999.995586181617,3.9155566776312285,0.169904009906018
874,-160.15231215992173,450.1567322150243,968.5420474500492,999.9857753760523,1.9255369248777907,0.02887934232266218
875,-158.21813738355104,421.2776279176772,1070.9084582110702,999.9997834011139,2.517395046447609,-0.0005967023678225737
876,-151.8846120301729,92.9392208900016,419.92306202273755,226.2576663079963,0.01,-0.014061409382000557
877,-160.12190345321486,436.654341583,993.730030306864,999.9978116185395,0.01,0.07764458389664787
878,-154.7996461758242,414.0320721344778,1101.1908734209705,976.5805472140815,1.0499330131608682,0.0050331235418060085
879,-158.07613940528094,442.0652527335634,1013.4019780320555,1000.0,0.01,-0.012897367203681162
880,-159.5047166381002,130.6226283022724,453.8445028490916,299.4968112157969,0.01,-0.011119654470651262
881,-157.93605821001228,447.8155159128322,979.7690815038557,999.997743363466,0.01,-0.05492530493268124
882,-154.31084926318334,433.1261879816724,1081.7322522039926,994.3993263429143,4.087192123463071,-0.014129576850940248
883,-159.02564937652042,457.21734733776685,949.2097961687442,999.9325658831339,0.8135380395250806,-0.011589194059389987
884,-152.5741694970639,435.2372858489838,1080.781031702757,998.0801153163029,0.01,-0.05782810284739246
885,-158.83366099426271,429.05569037673814,1040.2960525644398,999.9918569992263,1.9265058748216235,0.07401046205789595
886,-156.91625723239062,441.7344731920738,1038.0850994946697,999.9999764981392,2.7907672502449614,0.06927084382304205
887,-155.41248968736795,432.1669464598324,1056.7855436855639,999.9999506896287,0.01,-0.13510228839201477
888,-146.2461845872885,423.6429906323947,1107.475288327245,972.800815308454,0.5370520578292415,-0.09247975294357665
889,-149.7632981199794,428.6394726063923,1086.5074013260241,983.2227149506344,1.4993056044601263,-0.08281852269349559
890,-156.39726446564558,446.75570462176785,1009.6368187437728,999.9998510252422,0.01,0.04577010296723438
891,-155.2979331440111,444.45260419725895,1052.9044940695078,999.9980344558538,1.8285302581493066,-0.10964463143270743
892,-155.38352351123726,419.86636817459686,1090.9705426260102,988.6340545632726,2.0702573126702153,0.08707872531693667
893,-161.35809721261504,109.68321031799158,434.5898968513042,262.8239959392564,0.01,-0.18496162766655885
894,-152.94660606304302,447.257814263523,1035.0805788006014,1000.0,0.01,-0.07249887435939999
895,-155.5862301096039,434.4250051897425,1053.0042347778565,999.999759014065,2.6967794101130433,-0.12918955923500516
896,-153.25673127607507,362.87217065106233,1089.8377117532093,897.630125792401,0.01,-0.10092477779568701
897,-158.13592893792216,441.9775705800666,1018.6756830846936,999.9997586004998,2.783718591915938,-0.0548580037755449
898,-158.41807931788304,438.8815361749417,1020.7441814745977,999.9988641896614,4.0159327282016495,0.09682812900481362
899,-148.96727262559142,384.7054504179844,1146.7752702731002,939.8219384746843,0.01,0.017050953422777213
900,-158.38228377493854,434.0040958621531,1031.7488143901376,999.9998065121536,0.01,-0.09409382937320682
901,-159.63076975601967,96.59208124999529,424.8181637146901,235.43811082457282,0.01,0.01740872767357188
902,-157.4504912331146,441.5598885761763,1032.082443070757,999.9889739822827,3.667663238894207,0.03516287537086843
903,-160.34257412205508,472.2592814759462,892.9939209665645,999.993276902902,2.7692115035720564,-0.058882373541542465
904,-154.6539102977927,144.59457099831005,488.57328162433043,332.62047648868196,0.01,-0.10294099423005518
905,-148.24001075276513,385.70584036312374,1133.720149499943,936.39996314698,2.796556600896698,-0.07335934064789039
906,-161.83670794225446,441.06168390898085,977.5344094386377,1000.0,0.01,-0.01906423318425641
907,-160.77112815899204,151.91702857567375,476.2002130150426,345.7860049269405,0.01,-0.1902128245365208
908,-154.36571390661308,435.3332865237866,1059.0359635257405,999.9999892715169,2.9808450496294467,0.0077961970666406
909,-149.66236663897823,411.0640070294865,1108.606009697212,967.5565429601438,0.01,-0.1671384581294653
910,-154.83056200982705,439.33875138037905,1073.6857947790731,999.9988731900933,0.6294946631705233,0.006026336004560272
911,-159.81310636563197,430.6634713735396,1052.2084036284323,999.9995047118166,0.01,0.11223183168864573
912,-156.23857307607034,436.3953707301544,1047.3345993122982,999.9983283976201,2.244981093232547,0.04305380265931409
913,-158.2917508931187,172.0650478933415,546.9185230182696,403.55434712843044,0.01,-0.018978972569777708
914,-150.36056002957355,404.1021470276508,1117.1394827910865,957.3184436908997,0.01,-0.004376727343595578
915,-158.46153352356762,449.72972768312314,990.7583264458422,999.9999952413285,0.01,-0.038006408916676275
916,-155.24599542675458,101.23450677918584,453.39269938845956,252.30056662519823,0.01,-0.06831555367402684
917,-152.53174355214279,157.44159556683218,545.1907541592303,369.23233662810685,2.2093490319491402,-6.136895296991385e-05
918,-151.19112112214773,85.96607787333006,384.2736271537033,201.48976657324363,0.01,0.13643161200862178
919,-151.84010951403928,444.2229564220657,1056.6251273230846,999.909650493654,0.01,0.1934390532488332
920,-155.3831382925533,391.0689731175222,1112.9943792150739,963.8001918891811,0.01,0.20533527346006208
921,-152.54484230965545,117.61277898646662,489.3353568219692,289.4136977724004,1.0359231624863663,0.02391356482644009
922,-157.41695897421366,435.6208177737077,1045.5593881189468,999.9999833071124,0.01,0.018629700058725062
923,-164.7069055271638,91.72104184165008,382.0545538334971,215.78023705922686,0.01,-0.10537059049942987
924,-158.1684885954131,107.44499833717919,413.3745410567318,250.00091439269644,0.01,-0.12950854094052355
925,-150.90035517082387,75.22377846911998,380.9727525791906,185.55029857435377,0.01,0.030401056331564293
926,-157.5302852972121,428.9889255929408,1046.4851158290055,999.9793898814081,0.01,-0.06308993944034524
927,-155.75249369335734,427.9731229436691,1080.3044338819882,1000.0,0.01,0.0681541614106798
928,-156.99551412383673,253.90617512401624,700.930613493727,586.2264947206733,0.01,-0.04742639157951824
929,-148.22494428293825,387.5191519081156,1132.9559329787621,938.9008897662103,0.01,0.018158993210921164
930,-151.0662344212403,427.3240773838989,1092.510360427421,991.4756065690103,0.01,0.11519740923644908
931,-157.2615694155435,96.32447085348616,398.7832811868457,226.71487229990808,0.01,-0.05374611402110635
932,-153.85693608716522,177.92520321212797,599.1368541030897,423.74812106899805,0.01,0.00840003340310659
933,-166.60037491130996,69.62059278510034,340.58743903281965,163.79512383330575,0.04327556990298172,-0.09791929475600933
934,-148.82533818580862,111.38732321127195,443.5313506809123,258.3286542631154,0.01,-0.012648458926264908
935,-162.6540091347034,423.223362671752,1031.9276375258062,999.9944689963447,0.01,-0.18757266554202362
936,-151.80257465416346,399.5068205966571,1115.9979913474797,963.3782159716801,0.01,0.08277810988138697
937,-155.84691744599013,435.8913364944768,1054.3430793287678,1000.0,3.6943550837282353,-0.004791236970482074
938,-159.58059693246256,450.3396252868668,983.3526581954053,999.995435983822,1.798280860832495,-0.04494804813612783
939,-154.16969328672113,404.15241136986634,1107.4976210187422,976.201460613205,0.01,-0.05527344426709156
940,-152.55486843726717,403.33779605721094,1109.6105522096893,965.9720322855557,0.01,-0.16475897794540584
941,-157.69007915417825,421.5742725631672,1085.6886212966876,999.9761379693335,0.11911385554155482,-0.10871838461046526
942,-161.11926168225216,419.0205969890095,1036.0646414017594,983.2610566412587,3.8625137573360964,0.027943489775991412
943,-150.33784598670348,407.537195526314,1123.4712665704594,971.7796704668336,0.01,0.13348782886021096
944,-149.69638304374624,417.6332194368246,1110.2643594368074,981.1433743854527,0.01,-0.09403863690487711
945,-159.50464273273087,438.8758757181363,1014.2094783625108,999.9998319016423,3.0521390770572183,0.014502796715511445
946,-157.02318540014858,444.541875029424,1011.531779039661,999.9993709025558,0.01,-0.009795053250328593
947,-158.63404636598474,444.7978598046023,1001.2041801110581,999.9999552584403,0.01,-0.032392692854080356
948,-154.99916353952997,425.34233499357254,1081.032260882603,997.7698183884228,0.9477373642986299,0.06048834607683309
949,-156.04204937857807,402.4934450341906,1081.7230426810663,966.7531624332908,2.5511446622365486,0.007907609305647833
950,-158.38303999937492,442.14129084238436,1017.1879782226175,999.9997364827206,1.6124115957774798,-0.19599253223633378
951,-166.28300499837013,85.09593627962059,365.0198657448687,200.89861639912223,0.6131869038833735,-0.14211600187843246
952,-162.5483521048835,69.25738617626337,344.24528013603054,164.75088226110194,1.581724815300527,0.061956424511662195
953,-146.9918674258101,426.81845220161,1096.3081334519925,971.812789387813,0.01,0.08458748931653705
954,-154.45760132555623,441.51738896890623,1039.0927967360597,999.99970623731,0.01,0.1914711418636285
955,-155.51323936135958,442.85188110968306,1029.1241074245968,999.9703893566897,0.01,-0.1815991677992476
956,-155.92683668252585,147.91824617314455,494.1081652032533,338.41759283776423,0.01,-0.13547928019689842
957,-159.01718651017825,434.4466555484425,1022.839965586185,999.9999875526087,0.01,-0.17671126313857166
958,-153.45153419107007,108.54684915406843,432.88115280727163,255.5403848581603,0.01,-0.049301554500936394
959,-153.21501724955155,420.1892544142831,1087.6410269400255,984.9360261579538,0.01,0.005187301854108189
960,-155.42954950321888,177.9833911162959,577.2075102799463,419.7253467441686,0.01,0.019186326998304797
961,-157.4219402768748,163.51025976584523,541.5366540925037,387.8346684499465,0.01,-0.048208658800552306
962,-164.9895501098681,76.4023773336244,337.87257239612535,173.86125523677808,0.01,-0.08921013578810867
963,-163.99125719244986,134.7709360533104,456.1055576566456,313.35691956959414,0.01,0.04255482406810776
964,-161.1500657095717,149.69192499081515,496.5158689911258,352.1362442376093,0.01,0.03316396830269957
965,-156.7703974610998,433.560528274136,1063.210582923691,1000.0,0.01,0.09312935454994295
966,-157.27076474944454,407.6342055832573,1088.9893689620421,983.9276244931548,3.1874979416592226,0.10426414943319674
967,-161.18073583765914,461.8144743136031,924.265955719318,999.9999765257298,0.01,-0.06018557002053129
968,-153.0522068491768,84.5555606218542,405.5161499073336,205.9133983519096,0.01,0.007793026038482351
969,-160.76215009983437,429.7900262641021,1030.4948875825078,999.9992230151756,2.4271557630741483,0.09682588283443035
970,-162.27963966135454,432.87191808832085,1006.7081613557102,999.9940866075128,0.01,-0.07133349514064133
971,-151.71511471634457,396.84841775143263,1118.0507136017304,956.0204495222712,0.01,0.02332992504212602
972,-155.5286969179897,434.2743741186893,1057.0226788160398,1000.0,0.6963316587861511,-0.05971722141253667
973,-154.49799206005238,433.2712029677357,1073.4063195994236,992.0309431273898,1.8534280660201703,0.10568950043057676
974,-155.9092228969899,427.1364241917222,1084.4819667525019,1000.0,0.01,-0.04702973924917842
975,-154.45267136483977,413.8704857821893,1097.966876585979,976.3898269534395,0.01,-0.22253201590759178
976,-159.86725418076574,431.58678296815845,1034.1276231316713,999.9961021141524,4.021613536672118,-0.06292541036756559
977,-155.32751196518754,90.78354577642088,399.0796825961681,216.65373866622303,2.2400281383316063,-0.0832175737972936
978,-156.92137535559064,431.69528689094807,1043.1596587598979,999.9999987247162,0.01,0.1707376014230646
979,-156.31000610546414,454.1149501329217,1006.687535901395,999.9940717594905,0.01,0.07717265695892706
980,-149.72557671294643,408.42934173645443,1111.9662483679567,963.7461175150659,1.6033737114182185,0.12698522102517232
981,-149.08198854970098,442.9234156556432,1087.1961853310963,993.9671920163056,1.3036643411574227,0.061566702684372726
982,-153.61646011280232,442.6702428984698,1047.0472786118767,1000.0,0.01,-0.1750311635205041
983,-158.2309503544928,428.1134415678342,1058.8264685615818,999.9999476257382,0.01,-0.12487502505189112
984,-163.72239556073373,449.72798523002825,944.8771820839381,999.999966531753,0.01,-0.022359848220223345
985,-155.2048077998688,419.7183610882248,1109.4652147720349,999.9999075802558,2.40433096413074,0.05994983098234485
986,-151.7274148971047,320.51067271529365,885.501774335688,755.7685542901713,0.01,0.17101119311424895
987,-157.29052923809783,433.7309676916711,1045.7809820365655,999.9917691382858,0.01,0.2120127180101038
988,-149.1427104092414,395.2846628230598,1011.1571688525084,897.4800134324354,0.01,-0.038404864836499075
989,-153.3909702181179,249.7741570939756,734.3233611031079,588.2707375735785,0.01,-0.03509958546525693
990,-156.02936629654235,77.83529030161091,374.4811879130144,184.59244557345397,0.01,-0.07197266134446233
991,-154.07882625122778,428.6651179816976,1079.8838854043763,997.6181204141053,0.01,0.04177398028762866
992,-146.93238867349612,386.03629146640316,1134.0438654156587,930.7871709119635,0.01,-0.13251405917729606
993,-150.3726737644619,402.71269049480276,1115.7122470350605,960.2045053287205,0.01,0.06389428561096795
994,-154.08853403127452,412.7633523592325,1095.9362436613064,980.3421495730938,1.6941905396423085,-0.12084716889832026
995,-159.3093379426513,437.1856465779187,1014.5318534234607,1000.0,0.01,0.007637012193354314
996,-150.2520363608774,416.3977298323518,1103.7642003152973,974.6847009567757,0.01,0.10466001761877176
997,-162.12947518902692,441.0438480165159,966.7606060161283,1000.0,0.01,0.035350353541365176
998,-157.63243137057282,446.7652496591915,1002.476566189298,1000.0,0.01,-0.053907818815003845
999,-148.62676563628295,426.0112513830431,1150.7771930186154,1000.0,1.2446143424035296,-0.024621478866948186
