,0,1,2,3,4,5
0,-160.9638858174508,465.96235905980984,1034.1287636352993,1053.1157037012092,0.01,-0.12405788774320586
1,-131.5473783594348,288.4411514188183,1244.158540051467,810.1422020309396,0.010000000000000231,0.3130247974072641
2,-150.68719779514475,386.8241420519044,1132.3233521016327,938.753480495787,0.01,0.2060116144331979
3,-145.9285388597159,386.12097640342074,1142.6459748241527,928.7689671305728,2.9704334157106635,-0.026488317743832774
4,-159.93572781667729,446.96156120087545,1057.2374583070514,1025.020926454184,1.5341982890936006,0.08180765995846954
5,-156.95503769278378,465.14479737338365,1038.5333126118464,1044.1276651974058,0.01,-0.05890635242190892
6,-153.70731441710535,428.69613330803776,1085.7482274909692,993.3517326611728,0.01,-0.034389796203077416
7,-159.66747219855634,437.82155423544503,1054.7917676449042,1021.0557836142824,0.01,0.015019036851756278
8,-158.9767020341694,458.76081378494064,1041.1883675932768,1046.2320600009737,2.2819260626818205,-0.05363893528080721
9,-155.3328959316406,453.60744205329263,1060.2720540148164,1022.7757136003685,0.01,0.020736118659076926
10,-154.9975188240121,424.22507976924834,1082.9188552285768,995.6064913399787,2.4797221843932262,0.0025151644912496094
11,-157.0299024849362,434.98066825258314,1066.2511385816372,1014.1888452527095,0.01,8.017389948581478e-05
12,-158.90259804039607,471.96266465116815,1033.7770773565344,1054.0323726104878,0.01,0.007029741848144672
13,-148.46827409951126,405.5345419412288,1114.4158820224702,959.3826830080703,3.2384969401980115,-0.04313230052127752
14,-162.0547713003688,451.02709688969475,1043.448278955758,1044.1513318109558,2.695310501971239,0.019994461082728666
15,-159.46997249699066,476.82651320972917,1023.8733603154493,1064.240548738755,3.9917647812271255,-0.020506326134330243
16,-153.27548981144935,405.46661044513627,1106.2086962198903,970.0692266086858,1.3633551359344471,-0.09070309906118693
17,-151.944197739282,415.363815451857,1098.859722139319,976.9524320295682,0.01,-0.0096130201595402
18,-137.6386350700833,353.38874459621775,1184.4162995697432,875.3614345015619,1.3598758148099486,0.3261858227260963
19,-154.36257133396344,446.8448639956451,1067.8835195237275,1013.128245572442,0.01,0.06600743464543411
20,-145.80874306196947,374.2786143268814,1153.012863195765,916.6907292210424,0.01,-0.03302082968090836
21,-154.5556304062965,404.93701078513095,1103.425190432,973.8214346973066,0.01,-0.023885334438195543
22,-157.88888356524825,439.96510302493255,1064.8515575497527,1019.7976072517636,0.01,0.06254954280822267
23,-154.8132619956046,399.454492821776,1109.4910502244898,969.5441448583173,2.507798424062897,0.08407882880455467
24,-155.19995711751426,452.177954280661,1061.3729668302612,1016.1614217175068,0.01,0.199494382518552
25,-153.14614701650797,422.39959623542404,1095.4669049050517,981.7144268882784,1.8345538594246529,0.027463691768243703
26,-162.00512860903578,471.80450655435305,1028.102888795199,1061.9532843491197,0.01,-0.06349695438142079
27,-154.5169331166226,434.73143326359747,1073.2204247632667,1001.1035045487635,0.01,-0.11366398153621514
28,-150.06998032648434,390.81842740040724,1127.4446278252526,945.8292839109741,0.01,0.037523922582492285
29,-154.20351341072242,408.3990894544729,1101.094812580156,975.6800649757698,0.010911115948507397,-0.0659191890832373
30,-150.84169058700024,422.4658744255582,1096.7448534480136,979.4458579647068,2.785795690790604,-0.028362992899017326
31,-151.55185133188093,398.8059637707249,1118.4873702748375,955.2882909170862,0.01,0.03604661548122
32,-149.29261587769975,394.73577827256463,1121.489441561074,947.1998479462953,0.7160928173750315,-0.08757499657005953
33,-151.83252819844918,407.27402495144497,1106.7981899051924,969.5158280091351,0.01,0.07357962575915765
34,-155.29982625131433,424.7785052854225,1087.9299401417381,991.4019793750748,0.01,-0.208462328950441
35,-154.5363357326705,427.5805432245969,1085.0205775474349,992.6918838892645,2.4735492504928676,0.1314058039588588
36,-159.3281765190063,457.754727668807,1043.8977316047594,1042.283881447911,0.01,-0.12191195585028573
37,-160.00814920005413,507.44995729092733,952.1012353201369,1077.7729460264006,1.5927692088984993,-0.017137950308132414
38,-157.10288975017832,428.7718037379621,1091.9346143487098,1010.8140249452637,0.01,0.03045456279569961
39,-159.53578998946617,469.519401000323,1034.3034699134878,1053.3157325166264,3.128549709444397,-0.11965384419561179
40,-156.4410897665633,450.5326373028345,1058.2578152902029,1025.2127115154237,0.01,0.14879354333731099
41,-155.96676306752698,432.8700930933122,1072.8060798023828,1009.2427802721709,2.366726483674899,-0.03937688069781401
42,-155.52428525724125,426.2285841136042,1087.7438815529354,991.684608397353,0.01,0.06779473392441727
43,-152.36845683250053,418.4139963437432,1101.5166089906884,973.2019053661435,0.01,0.007409982895563817
44,-157.0107930665968,454.4175928789602,1049.2588804582028,1036.8844764031599,0.01,-0.010788006806265498
45,-152.2416907204085,421.27226071499365,1094.273089670199,982.8363881286402,1.3142190966628478,0.08046733985685822
46,-155.22510092432012,429.1874425992747,1084.4483741543668,994.2154679988424,2.2507883283501524,-0.03072797996876175
47,-152.34217559791637,430.0379591342093,1087.0507359357564,993.2393879026658,0.01,0.0033828122375873094
48,-149.50982026132456,404.5275773145621,1118.4647425204757,954.5931343577793,0.01,0.0607978732982622
49,-153.97106647106517,397.92160211231794,1111.5584380386183,963.4539035284897,0.01,-0.08295409854810265
50,-155.95342573908752,417.18003596002995,1092.7742827573152,986.3842142299068,2.5254767513525014,0.01587453074927651
51,-158.454555450173,467.60469812924276,1038.4102882013947,1046.2149379080695,0.01,-0.11969137860240524
52,-154.2975959948607,424.7844063218411,1085.785999190842,994.7901810120873,0.01,-0.0707289892575169
53,-152.1942874881116,409.8237101193134,1105.4804718597343,966.9446473169609,1.5081196979628864,-0.030019920838939538
54,-154.21582672052205,437.81399399035496,1070.0088699022967,1013.4940384700155,1.31036830176915,0.012556957009153628
55,-152.5924509137131,414.1894542128542,1101.3641312602674,973.7903814284239,1.6096252864447456,0.07448935959207519
56,-157.53763543037132,424.7325633659351,1079.2965684736573,1002.6962562934092,0.01,-0.08328449709521661
57,-153.92156354307724,447.6069960770261,1062.7157023257116,1015.949233259847,0.01,0.11688259061669952
58,-165.10560579740024,513.3664135278639,971.3077041128457,1127.2864206870165,3.5565584240045807,0.050037797513622896
59,-153.90746778930563,423.8987987656769,1090.4329000789323,988.7082188224672,0.01,0.08617079326875153
60,-156.16379740252577,447.6193446199496,1060.07719866036,1023.1598391086318,2.4407519287756827,-0.10484103231001228
61,-161.56864961091955,459.7924616597528,1040.3443392784804,1047.326883443526,2.776553572696589,-0.05053311811124169
62,-150.70809234697376,397.0455687547977,1121.1333731145985,956.1344925969888,2.4987243872330023,0.11496866457979946
63,-152.9987407395476,178.63175762728346,590.1320223503558,421.4363729471395,0.01,-0.1689470989550276
64,-155.37315491842557,431.2977859937277,1078.0337719147403,999.4960077893982,0.01,-0.09490293894985123
65,-152.87810054581504,386.7282531268766,1123.9665550092752,951.2136240746722,0.01,0.009549806504515477
66,-150.9799893485773,445.538412755759,1076.6031149836012,1003.8977055966578,0.01,-0.08089937141155061
67,-159.48978684484203,456.45392749896234,1054.063006273454,1040.0911861430704,0.01,0.0036729518806777606
68,-154.80905542398065,446.228429123142,1064.9908281590363,1017.5936493610354,0.01,-0.1451592083333342
69,-152.88296539525487,417.7356975854004,1097.7342246240012,979.497082313002,0.01,-0.1309358039880572
70,-154.398497275983,424.54302547180856,1082.4062120048,996.2511957160818,0.01,-0.039864154632094424
71,-155.49691989934718,450.72807932785446,1044.1063813638323,1019.4224615814644,0.01,0.14373942059309733
72,-161.53746058209325,453.6853823673948,1042.6686812631733,1045.1897920564084,0.01,0.023614689606232923
73,-148.26692919068074,412.59129082862853,1111.3249863535061,961.8020440958679,0.01,0.018879281679960325
74,-156.04413962552613,448.8817220037618,1059.4475937760542,1023.259506296794,0.01,0.07252319811370643
75,-162.62996142266377,492.1882205126808,1001.1769431531638,1091.0356782038073,0.01,0.0603598396793914
76,-152.1876750847154,450.3935229396632,1068.7418380723188,1011.256093634595,0.01,-0.1284322424473749
77,-156.21967224999787,430.7876481387558,1078.9414474544576,1001.0399405340889,0.01,-0.07973480860619314
78,-148.15768990180902,399.8058598630844,1128.7423746987427,945.8353565210101,0.15962022685964278,0.16049781793892842
79,-151.8135469140918,418.48433726558494,1098.064979296085,977.4880094898217,1.9350660396697854,0.0698591276686139
80,-153.0408404051451,422.70301332477294,1095.0566981741279,985.975248859516,0.01,0.11743862721306988
81,-160.12363309389414,480.803444369329,1021.7286938628866,1069.0321348699315,0.01,-0.08185424157225561
82,-154.6062346015154,459.3528659318163,1054.8817064938291,1027.6764030861864,1.6591752533519497,-0.17969668742727896
83,-160.9471615330309,455.71974575412133,1045.1970879049393,1041.4452565544611,1.494128122801471,-0.10566542051101956
84,-152.20989669911452,393.48084468495136,1136.8537264055778,959.8786855281348,0.01,0.05042741642645219
85,-157.01427196613844,425.2247056443017,1078.8533123591628,1001.3386834613882,3.6750174059837697,0.059347962199512126
86,-158.2715601235494,418.6083749034923,1080.611154070547,1001.8695349160189,0.8832958839629095,-0.0750789726757503
87,-157.18980526490859,438.4136910641759,1066.5799046755799,1015.4447933649391,0.01,-0.083612715897777
88,-155.13149430918716,420.8307401358773,1090.9157400345428,988.27930318201,0.01,0.022379601738200916
89,-153.60220754264176,434.1215920203743,1077.7257395645156,1002.5265703760482,1.3208799304346106,-0.15704204328916418
90,-155.4326080691203,413.80019004588763,1095.3073715520763,983.6702439666301,2.167084899708574,0.10057840366409615
91,-150.3455348537171,436.76408996446725,1082.428671572259,997.2351227339636,0.01,-0.11015215959484019
92,-150.63480664977075,416.50789834968367,1099.5735210620344,978.0401322248819,1.2079178562191888,0.017821492411311157
93,-153.03909098003405,425.23594541522004,1086.723996994861,989.8934822189107,0.01,-0.0722232550787657
94,-156.6798374158685,456.75697107403766,1051.1999416512595,1033.847229309082,2.938631588201321,0.06876800736402515
95,-158.38950262881704,463.2353051186733,1042.1932524442848,1044.6768498421454,0.01,0.20216857330457802
96,-152.91069732159326,397.50785541862604,1111.783741277655,963.069505034543,0.01,0.05815306200196826
97,-150.4308594430066,405.7045295399923,1112.5141529466882,961.2685941991268,0.01,-0.08028724540917126
98,-148.9069615053753,387.71820067778094,1133.7034342142588,939.8471847996667,0.01,0.01663827597957199
99,-149.05380476522075,394.01583388319364,1124.8990567420337,947.9416629672738,1.0916564328950316,-0.004896960634076948
100,-151.05108081769072,422.84449461272925,1098.3445728189126,977.229089437321,0.01,0.13281415345195396
101,-156.26315423239288,415.8776924228364,1093.420353679921,985.7957519633046,2.8449900928945446,0.10525949114374637
102,-154.3625484827285,402.7331859587444,1113.4601822909003,963.4492692577201,0.01,-0.04569048544112802
103,-156.71891118282196,451.0328157919652,1053.6066996448849,1029.8033106180974,1.590641034872038,-0.002721356598227416
104,-155.03331916613055,434.7416166337199,1077.3616660667826,1001.5174962959933,2.235381515677791,-0.16826157028163835
105,-151.1624363749173,427.10605400316774,1090.0905239390127,987.3742305397243,1.4053646948217053,0.10458046639046381
106,-160.01416299894038,461.2620246165405,1036.1119069871922,1050.5667009032038,2.0990180430425602,0.10877682078996201
107,-152.21674657753354,394.9299586439385,1117.2632767212292,957.4716237553273,0.01,-0.03616624175108501
108,-153.5485576955021,387.65037460135665,1121.5621497348761,954.1024893635235,2.865000332613104,-0.07071106491939087
109,-154.72477057746516,441.7521882404081,1071.9901616392494,1018.3156730428291,0.01,-0.0006364830110225806
110,-153.40929927695453,409.3869589006642,1101.488443669925,976.22879613426,0.01,-0.05631119991920812
111,-151.8534896984357,402.53557399741555,1113.1838231588072,960.5185186885151,0.01,-0.09487828317856686
112,-152.68575051354233,452.47634852418446,1064.0354368971596,1016.4521609479427,0.01,0.09889233492142809
113,-150.76267906107188,409.37440301671654,1100.09876417129,972.2604698113768,0.01,-0.06821014913449044
114,-157.14604671771045,424.56356534217696,1085.516551277864,1007.8104830300447,1.5991657564009134,-0.013052900174425125
115,-159.50349157347634,450.10323934970637,1051.4146503395023,1038.5266543480316,2.3674352645724617,0.0718275675888142
116,-159.55763858945514,450.3041346390737,1053.0729484916437,1032.86554111279,0.01,-0.08098237767721958
117,-160.70130467016367,460.8179775341693,1036.6187837812388,1048.014607086553,1.1879625170510095,0.08743003513788071
118,-152.6219905410671,393.1978535851537,1120.3919029755036,954.9614054718522,0.01,-0.08088467160500822
119,-151.38538965508715,432.17523307050465,1086.4830159511012,992.3075225173396,0.01,-0.07292083138061164
120,-153.54479596668546,419.5406808690717,1091.694476890025,986.4389894670263,0.01,-0.028623213941555245
121,-158.96472910167873,454.8196955950782,1050.8293962159514,1038.9817469586053,2.6968380101446865,0.06133472287451826
122,-159.0226121752287,470.589023718473,1037.5713042734938,1048.5535668410082,0.8742981010183076,-0.09157408242402569
123,-155.32879008233382,470.07321916733883,1043.3040714720737,1040.3709858663747,3.2483708047506337,-0.05922653050329902
124,-154.86135103923945,445.500075089721,1066.329303645992,1016.7101364470086,0.020971172435080503,0.016699111535027407
125,-160.03503927224025,439.57366970463295,1062.6062627923195,1021.7386478019506,0.01,-0.1676533983403687
126,-159.77480646855818,416.4621025599656,1079.2106410565668,1002.3307585729563,0.7193295395782068,0.10525859025900056
127,-158.43100016766894,477.61603320564484,1029.2521303379976,1056.8797441485162,0.01,-0.20002692717847464
128,-151.73680805514059,417.14422243508216,1096.4237476008404,980.3598507308444,0.01,0.015388832195197143
129,-150.7025297195588,414.6207660991608,1102.777692622231,972.5571548493934,0.01,0.06825151065984278
130,-150.58046064443116,387.95041248813254,1136.7219472637437,942.5057732058874,0.01,-0.05559848951162737
131,-149.45976445135364,423.890192543021,1095.0913386128327,980.223393389463,1.9078989906568664,0.13018240885835486
132,-152.72967695772113,425.4518154832447,1094.7670017712996,986.3440935204251,0.01,-0.07160789901031317
133,-150.62559109729926,417.34600113193335,1104.608534862459,967.416083244666,1.1369331747945557,0.14225250803090586
134,-158.632928744313,465.1644780353281,1038.2977008691603,1048.7921247677298,3.5910486475939956,-0.005803889426748231
135,-154.39176779915576,447.62939679235757,1065.90583324227,1016.1817352213264,0.01,0.1031911966785712
136,-153.78354333732818,451.7882052019744,1065.291899852746,1016.9003967342459,2.2512060434868792,-0.09008331569860446
137,-156.39343341109347,434.88103610941045,1065.7147056286503,1016.9994977706327,1.7546719522238234,0.025166315672064874
138,-157.3330537308761,459.1684101206919,1049.2320378550235,1036.2810767799588,0.01,0.020759459815994044
139,-160.18152294911522,503.7125636901077,1020.7467011983384,1097.8256331029254,0.01,-0.0579019112093042
140,-150.2222062280247,434.67743204076936,1089.7006836522273,986.4897082495278,0.01,0.04740608965100784
141,-147.93845504987166,386.4219168681738,1133.2883236660316,938.5192050982338,0.01,0.22105032549842873
142,-156.744918114206,435.130840656581,1075.6922304903646,1006.5403262844625,0.01,0.03824351557891303
143,-155.02271919495152,434.3125011889312,1073.3033724743857,1006.0981037920808,3.9160747072815383,-0.10165497663555507
144,-149.19041767178746,387.5555829104159,1132.087578867016,939.2219622648197,0.01,0.003002036991185983
145,-162.85023598847891,497.18597748106265,998.4371099888301,1096.3995251795702,1.1211454702992898,0.04307477578774693
146,-154.00449723045605,419.1665862666787,1089.5871129487741,989.3116675113173,4.348245357852461,-0.027543055506138288
147,-150.59981250544308,391.4723296659236,1124.5585435277799,945.6812017194196,2.416021418256589,-0.050257937995520356
148,-150.82077090787217,408.9890210984915,1110.4757183261877,964.2887224200347,0.01,-0.12371078549829143
149,-154.83750169914654,445.0230376520305,1068.6861469849177,1011.8744358758308,2.7262434391257475,0.07401980517781852
150,-166.2985798195735,532.7774588216163,956.6234509620821,1144.7772137496252,0.01,-0.0033349833155937696
151,-156.71761169895166,427.7061045178259,1077.841851371046,1000.2920179191093,0.01,-0.19400233543187564
152,-150.29574314053124,426.38335800214503,1095.9509038368417,980.901247897694,0.01,0.01833125503008551
153,-155.25143305653773,430.2139448780612,1078.668573824391,1001.4577406426658,1.915506922278628,0.15330642920976073
154,-158.7927625381862,474.86865843401614,1028.0138142044457,1061.2507547261416,0.01,-0.06850663201745555
155,-149.8480728045902,421.13200152014093,1103.5203474151685,971.3423265136605,0.01,-0.00014407750722800878
156,-147.76580487256035,414.40041290766936,1107.656175280191,965.872891354226,3.889264910144018,-0.0022438083557170556
157,-152.66881158011387,403.39197218198876,1107.2094775101714,968.143160008365,0.01,-0.04839643812810163
158,-157.4701462621183,442.7144604376222,1062.8578837892212,1020.369239523878,0.01,-0.05840041228644887
159,-153.72796666101,429.2989425355094,1080.6844237924604,998.5560501254449,1.2292235842679013,-0.04838480721171756
160,-157.8727679579557,451.51777320727996,1056.911347715842,1028.5462371103238,0.01,0.03114479277530248
161,-153.383638828566,403.8564590820779,1110.3605527217296,965.5743635820535,0.01,0.032658265319657404
162,-153.27195734994797,457.22500942862087,1056.0578905341629,1026.6433187776033,1.7807806755822944,-0.02395421106266414
163,-153.7560874126355,421.53946482410976,1091.2339500763978,987.1895103200826,3.5546518271730507,-0.010836755311854053
164,-150.23707402037724,424.6484990748394,1094.8444727256356,982.5477815792532,1.5441675754265718,0.00011172470959267034
165,-153.99062105585796,398.5146401493711,1116.173548715037,958.883674263292,2.3638705545938485,0.09023926881998771
166,-152.87529320064917,426.417802566739,1084.634884525961,994.7617962095588,1.7866498966714928,0.05496309731281533
167,-156.90078515774616,455.76828575277517,1056.7569035710897,1033.4970188146806,0.01,-0.08233640174233782
168,-152.54798377291425,412.21249351070287,1100.9343240175092,976.1169661923011,0.01,-0.0822360581641657
169,-153.69092221594465,440.4497673484508,1073.761361824679,1007.3757608667069,0.01,-0.06851839455717733
170,-154.207394010057,400.3571364879685,1110.7497216420495,967.2893029485921,0.01,-0.020418613951303753
171,-159.0345841576871,890.0324813699095,1744.5379685388248,2000.0,0.01,0.022208027442954578
172,-156.7434224938599,439.30236921675936,1069.0953154759595,1012.8118401331965,0.01,0.09704876128490775
173,-149.9927340004186,416.46368373481516,1104.9790676656,970.3603977020829,0.01,-0.08548622295725901
174,-159.55013950401747,446.56094985316923,1048.2633527654089,1032.0995290696724,0.01,-0.06911776332974272
175,-161.4843891044611,447.9445455317361,1048.8093114626972,1037.317153589704,0.01,-0.09937003571770808
176,-150.10618587909514,780.3798300462418,2000.0,1883.3083424608608,0.01,0.018399735199205663
177,-155.66900161020467,421.55748210025973,1087.601532841047,993.8448225677542,1.0216721099027526,0.006491686266772775
178,-154.7772426450261,412.22346925592774,1096.394801144697,983.898476129435,0.01,-0.0040455383136400085
179,-159.32412307485194,463.03503628179317,1036.82893741516,1049.1041014075422,0.01,0.09470187839420882
180,-158.10358076497636,439.1062169866525,1066.0864588492789,1016.6208672232713,0.01,-0.016873155464735706
181,-148.47204706629583,351.8508520332359,1162.3518644446822,906.8690130353872,1.150316333395481,0.029650821523872817
182,-146.1938709401808,379.0500119086007,1147.2846338723973,920.03719896438,1.9752228351058136,0.06583275288629384
183,-151.30000334154988,394.15596991956295,1120.6982756381792,953.4513847930573,0.01,0.034408607989323936
184,-159.68259072769715,431.5180211694421,1068.6336628335034,1015.0552441737906,0.01,-0.1083749059155105
185,-152.15017478162616,416.27772178395225,1102.6609332921407,973.0086788228178,0.01,0.0033170358559379922
186,-159.76440545478098,480.1266144412689,1022.9197607725288,1069.505126944515,0.01,0.10329881920999805
187,-152.29818390742713,409.92801980926475,1103.886631070106,972.8979237231788,1.1613413601921379,0.19123557424026885
188,-153.7448233266194,418.09954994437226,1092.8258989238823,981.9258273947092,0.01,-0.06144057424151628
189,-155.4424330750619,458.51229659548704,1053.1182147840937,1031.9482721563274,2.714807206054417,0.09216248513348647
190,-155.16956284702678,455.74256090213885,1056.5505378969367,1025.580151562816,0.7811287929126207,-0.11534284188116484
191,-155.5333333244297,420.30287122287723,1086.0800411069074,993.383153884098,0.01,-0.03320859300799265
192,-159.89821088411054,432.0586235092454,1070.829815944189,1011.0274840697077,0.01,0.02863656314915995
193,-157.99705248301382,445.9769946240933,1057.4400838002932,1026.8635678617723,1.48966759098708,-0.09762058969620195
194,-158.04689908255736,465.1955768534366,1042.9711564938846,1042.0235550880925,0.01,0.05248071837194538
195,-155.58400988243332,431.34659109206547,1070.8473979493992,1013.7932582520468,0.01,0.06227120102825398
196,-160.98054180788708,507.29954378806644,992.8986782693311,1100.6863208191464,2.4320995351976946,-0.07995748467179381
197,-148.81157163423373,425.9582697454636,1098.0901331457078,975.5518677800669,2.896840548911539,-0.2257357807236572
198,-157.3294242247713,410.71423058323415,1094.4653193059728,983.8959157565952,2.5301659585756022,0.022188945344985306
199,-159.8444504850361,437.21253523985393,1061.6531742612804,1023.5182186945834,1.5924182946140333,-0.1434169176719613
200,-159.20739309372158,482.2691479256143,1020.1970373413577,1069.4142430928846,0.01,-0.04600064461802846
201,-154.28379282099988,428.2332470986181,1082.744922420214,997.4697651639013,1.0929999982916765,0.04781865072324566
202,-158.40535157098466,462.65024826231377,1041.013013598587,1044.2533478254159,0.01,-0.10096815750118138
203,-153.09492834557045,415.77824165301473,1097.2623437434593,981.9897137849412,0.01,0.01711562170027683
204,-156.66151293963847,497.77441648657623,1242.2169915600591,1177.831782737992,1.234949014086735,0.07786143266988113
205,-154.53335647499063,397.4733956818486,1110.7693582423883,965.0344428193579,0.1861408615962037,-0.013515970985801684
206,-153.94261160604805,855.5218282822567,1996.468948775127,1999.9521951541697,0.01,-0.19150985895211442
207,-164.1366895781039,474.92215521072944,1016.4873506890725,1075.5508601411275,3.767127014674502,0.025260521896136794
208,-155.43713201165158,480.4258240270998,1034.9953821269705,1052.149038332532,0.01,0.07827319867356504
209,-155.0916128399364,436.8352864190235,1074.0900315120605,1007.3760920629793,0.01,-0.09340514007678666
210,-151.05166687033633,407.55134424468275,1108.2355968284073,967.0813273728021,0.01,0.00992242366941357
211,-160.68266222369775,659.5772057672598,1424.26813759607,1504.9144175042147,0.01,-0.06588799258560833
212,-151.79758429717353,429.6884906996362,1090.0715087561741,986.8562563756002,0.01,-0.07533547147596113
213,-158.8937588595138,463.7968858807641,1038.4882577304943,1049.8965023867543,0.01,-0.029269439918393304
214,-154.9672111544977,427.65646499057397,1084.3871412143458,996.7548592064674,0.01,-0.06235384701670195
215,-152.94136920079308,397.4879780929617,1115.5008158883188,958.7952287632057,0.9579713937074853,0.05675809792899245
216,-155.3182774523113,422.3132029008402,1088.4329193250367,990.539705524791,0.01,-0.013664153123306306
217,-154.64921549654198,447.70202955866677,1067.2156669841777,1021.2909012400311,0.01,0.0943041048741302
218,-157.64735298548896,425.88614274970774,1074.0515531534206,1006.2573629460038,2.5293104664503296,0.05004404462308353
219,-155.25592844346178,451.77225321366853,1058.1498999814169,1026.108181357919,0.01,-0.02459434144739331
220,-156.74995581905912,452.8857543825569,1058.801824902601,1024.523477436094,1.2051600763756396,0.03717270508962691
221,-150.88685154652518,413.991381423536,1122.3828109653707,977.4991979863745,0.01,0.17607154247863493
222,-154.6280510487921,406.32214972258646,1104.708134877043,972.3588302201267,2.8898243307239118,-0.01645679240475843
223,-159.70163858173234,447.5356840198862,1052.0783123936062,1034.22697561071,2.3405164183977645,0.008317439010429641
224,-155.7131964839382,424.27899832502607,1087.778429730509,991.0873567769524,0.01,0.02193597341011996
225,-150.69061636794652,376.4037222518109,1134.7386411317534,938.441239539798,0.01,-0.006310699122633079
226,-154.17510945545925,463.3556344596415,1049.5831100009448,1032.0460441124728,2.64763117330605,-0.03859188975439871
227,-155.8757931171618,444.2393685444357,1065.2880721864233,1016.785429702607,0.01,-0.023740747201531392
228,-150.37746293930837,419.72523539301346,1101.013283685345,975.5870159424659,0.01,0.01731009541093433
229,-146.1522546642175,391.07134551578696,1132.1078749332266,936.5441947653553,3.6373798660783785,0.12380957984627305
230,-151.01561120576508,396.79887142838953,1114.9152656348335,959.6580285895648,3.6865128042737627,-0.10737733103621776
231,-147.58589486148,432.62656851721204,1100.6926119437244,989.1668270197077,1.5675753837067636,-0.04727067208897575
232,-151.2550256818988,402.0408579223452,1116.2147311944636,956.9140437695286,0.01,-0.02796441358571109
233,-155.41123564630703,424.224455994071,1086.435412873069,995.9456423324326,2.5216177751670092,0.0409990222806687
234,-154.58591967777522,435.19809950255933,1075.7763194527831,1004.20971466789,0.01,0.016772222775517397
235,-151.669384574157,442.7710482572548,1080.612604132717,1000.9037972842931,0.01,0.004460750498096737
236,-152.10617069993725,438.61304112677624,1074.6140081636663,996.8921618435975,0.01,0.11850104572602911
237,-155.08633611238622,440.6210403452069,1075.5729012480601,1004.5085540458982,3.090345165955591,-0.03513935238148913
238,-154.8700605861112,494.99864842334557,1020.7998694605376,1064.8977141661412,0.01655762801761801,-0.19110481024324144
239,-153.3606551612262,411.6342961023649,1101.2245872980563,975.5524962310784,2.572505209785961,0.10930398441236126
240,-159.1376550619747,218.41266262520327,531.4142622770062,463.96026702278243,0.01,-0.029429519170080746
241,-154.57662352218128,454.93017624434896,1059.4088818354055,1022.6357213157102,0.01,0.04649870143940995
242,-148.60812609795764,412.47719483230446,1103.5447268584278,970.2982688408159,3.66017553179481,0.08471096580378065
243,-150.9510571043025,425.24697938377307,1094.603616747911,982.2987072008693,0.28124893904127457,0.014848115214664054
244,-160.47107960114144,460.04089573648645,1042.422510109562,1045.042191869047,1.8415311399832073,-0.035558734168782476
245,-156.21371578103293,439.2552432558913,1071.3826395752537,1010.2626324942987,1.7579477163439219,0.0038711442397644786
246,-159.4063502305325,442.9728473334127,1059.7811370953268,1024.8379382075973,3.588661202869405,0.002909813393344713
247,-153.31926228793844,413.3202131097034,1097.9745071364118,978.4648046313189,0.01,-0.034247821145164864
248,-160.30826893745805,487.95795169552457,1011.6605189728823,1078.8997363389562,0.01,-0.046162778426787586
249,-156.37621619703063,433.36109347423223,1075.90165677769,1005.9436352463167,0.01,0.04101538341457234
250,-155.4510566740385,465.0251562053453,1047.3542014055809,1037.0202848909414,0.01,0.008485276913660399
251,-149.87157891200886,165.9466527841938,574.9246379178436,395.4497364036256,0.01,-0.06352999373314923
252,-149.27072944380956,380.95718077009263,1138.153366526242,933.042666650363,0.01,-0.17603069978792846
253,-154.62541369961485,432.9050337297379,1077.5642860988694,1002.4719668138658,0.01,0.04897253062341874
254,-156.24972637333263,430.78376404243954,1077.8808481064507,1004.4925475046256,0.01,0.02852749101649925
255,-154.06238206962394,427.3432319472509,1086.3908057751346,991.7410815072509,0.01,-0.05307562578119216
256,-155.72019217208418,249.7373192332631,757.3719594225396,605.6192684939311,0.01,0.0012655822549538416
257,-150.03822510927972,412.15431600494094,1106.3954519556419,968.0953191460299,2.975605396849354,-0.006532331961478784
258,-147.7321688601449,396.94897522670374,1127.7171117217167,942.6544037172239,2.149568008148393,-0.1614075225935045
259,-153.7514038846161,413.39476851110743,1096.5963208602973,981.3035355587577,1.7692993884048895,0.09230225250353896
260,-148.74548171595563,408.7192958710998,1109.1741000773072,960.5582340687148,3.21414941171771,0.05502254140081283
261,-157.95253424075815,450.24462643274273,1054.3915782093418,1031.0823752352187,0.01,-0.00887122461842597
262,-157.0013916058984,413.0972366388583,1092.725297112822,989.6809527224156,0.01,-0.13338916758868163
263,-153.56143529352505,785.4120560525138,2000.0,1901.1283090030424,0.01,0.005277111503595726
264,-161.4291185666689,441.37346461334346,1054.7751130996721,1030.5421653671951,0.01,-0.065079506683117
265,-151.72144198312552,435.4609399738596,1083.8056756536132,996.7963230493004,0.01,0.014357939074421363
266,-130.05172444780465,320.3002023764682,1223.8756826615213,824.7333508356621,0.01,0.3116367588791097
267,-158.12044570198344,462.2530310277747,1043.1551370578466,1042.9610982864053,0.01,-0.12552217421519576
268,-162.2504908637207,510.5573137369205,1044.5309641081153,1134.3798641706155,0.01,0.05075063383511553
269,-151.07557617831725,405.00291691466487,1111.1694003010145,963.2742784412892,0.01,-0.09042494804439744
270,-154.9441871803373,441.5398866654272,1070.5127150532674,1010.9325706232531,0.01,-0.02981376459191512
271,-159.35512705531096,446.5592808206793,1052.2499048638474,1036.0671333689577,0.01,-0.0035782319827197644
272,-162.39327156772612,455.5341063419224,1042.490886495519,1044.306323948888,0.01,-0.08919628952483931
273,-152.33609608328737,435.49908111481125,1080.6453008213437,1001.731871084327,0.01,0.009306343186635306
274,-152.14703306810114,384.2179009886926,1132.1480881048944,941.754089302786,0.01,-0.07270356289817752
275,-150.86785287433852,417.1329548462339,1104.4955974607835,970.9040562300756,0.01,0.07765056864065106
276,-152.8238734652735,441.3406364958891,1085.9204761054411,1012.2771029154172,0.01,0.017487846163071072
277,-154.34116067241257,428.4446418085932,1084.5647977467756,992.6489246401388,2.6970750005016972,0.015992462958287282
278,-155.32382776374106,446.9134134850434,1059.7928288032133,1015.170317487965,0.01,-0.12618789209713618
279,-157.56909930876225,408.75297222671134,1095.9185445426867,983.2910667987135,0.01,-0.2458621823531767
280,-159.70405513494,443.9384951622025,1058.705530900725,1026.6751801570576,0.9980377802601735,-0.12205274881573235
281,-154.4755959476191,412.41534708680814,1100.5116302844665,974.2708085205933,2.7185863934863153,0.05976877065624781
282,-153.50223105229372,413.54480497093175,1096.0984941707827,982.9492372217501,0.01,-0.05230886730064042
283,-155.51810865748408,427.8353101989496,1082.1421732621825,998.8102060753727,3.764837888425397,-0.05428892057789363
284,-157.29915608269667,421.8420970756727,1078.5813238048356,999.0413006259395,0.01,0.07020360480293844
285,-149.10819074469237,418.9419486033763,1098.3764700638806,970.0378518829162,0.01,-0.1263751812163156
286,-159.8328853230333,460.322554552195,1040.0081819688355,1043.6231972766109,0.45377213879734996,0.018364486915605258
287,-157.90178384128478,447.207218139564,1054.8228212528627,1029.2762884480455,4.159353039237925,-0.17043104350905675
288,-155.67756416660637,423.28872773915117,1091.8793601037094,999.2763176809116,0.01,0.019805599935475603
289,-152.37211399020237,412.6757566827061,1103.1475112641701,973.2500016555641,0.01,-0.06195380752121907
290,-158.6350889828591,429.9628275521011,1071.6942945691496,1011.5979956131283,0.01,-0.14713070399205433
291,-159.22745713417103,486.9978996035136,1015.8574562477884,1074.9151754287234,0.01,-0.009286925339107006
292,-151.46196232346904,400.5042469016815,1109.249451212162,960.6469312934856,0.01,-0.15451306456078137
293,-153.99941896532474,431.58550111809905,1079.3669039685028,1000.7118821230133,1.2158770086373714,-0.021892863716994577
294,-158.47404857384615,471.5628662207885,1026.8754867183986,1062.1827450579558,0.01,-0.09546799967570545
295,-157.40297968456778,437.7540526227879,1063.3967128058305,1021.6587080712321,0.01,-0.02631156334252302
296,-160.1428386656132,417.3395663456557,1078.4279010279872,1003.888733253522,0.01,-0.18308958853533763
297,-155.076837932636,439.3091857009542,1070.1395292422292,1009.485845733289,0.01,-0.07979167566898558
298,-156.3769444319763,459.02330681538484,1054.9806613705443,1035.980496373442,0.01,0.014350886285229047
299,-153.58389422198528,434.5047771178148,1117.6367494407993,1013.2781733562572,0.01,0.11198012823586062
300,-154.87654589878966,453.9605212062953,1087.3629077868472,1033.4501238634475,0.01,-0.1569359582073102
301,-154.08711484987913,458.0010794095562,1059.1940439969708,1026.3912149031776,0.01,0.002801801470655814
302,-154.06154830826185,446.7970416755301,1068.6156635350433,1012.1957518356201,0.01,0.026145358167442668
303,-156.18791646998963,413.92075792556244,1094.3851134292743,985.7019391086416,0.01,-0.006086789528577039
304,-146.68454095629244,370.1575072107309,1152.5864083751937,922.4968722165722,0.01,0.017135050708810582
305,-158.14600480614274,424.7231241237461,1080.772721996379,1000.5717090219323,0.01,0.009974347868365773
306,-157.3931961722211,424.3841892553466,1078.3490771280572,1002.0182667093476,1.1133300760480207,-0.061695388176057436
307,-150.37486896368256,409.7400279179018,1106.3996481451798,967.2164321711359,2.5626482880137313,-0.012283047864562113
308,-155.88228779168202,454.80045990653343,1062.6219941151394,1022.1838703151872,0.01,0.0028429322383662766
309,-150.29897667449862,397.0155599534336,1119.8818215314864,954.7322995899428,0.01,-0.010534320972481779
310,-151.58965514002674,774.127975875813,2000.0,1866.6880400146767,0.01,-0.05598825542743707
311,-156.9967851631151,441.56482579219636,1065.4566831617753,1017.4312699398063,0.01,0.06382147622064847
312,-155.20195229149388,400.1040534876917,1110.650976507921,966.3382153134677,0.01,0.021267759842601316
313,-155.70773075019966,425.8226314120773,1083.0296712675788,997.7284024629048,1.5922661973104544,-0.002291015307788208
314,-149.96535679597318,376.76864838219234,1138.7269618824246,932.7652584783024,0.01,-0.0226644750193453
315,-156.14202164111316,425.2261036261052,1082.9913857243916,997.0814822788464,0.01,-0.04815429383948597
316,-156.2619788648957,432.2799790637997,1074.2317870748732,1006.2368303716751,1.7924328850985638,-0.02749314573995571
317,-154.96185313968329,414.59634685525486,1091.6065994971723,985.222380545397,0.01,0.04761949760859086
318,-160.05190308521236,445.71081474794534,1053.3927982483747,1030.491028972131,3.9613808330571296,0.02104813188487558
319,-156.87484542455852,422.0223337487373,1090.097480986497,987.7042216493517,1.7921102731289416,0.05926656702331851
320,-154.48261653685924,433.4216977606608,1079.0596626078407,1000.9370167525299,0.01,0.07251695591695981
321,-160.29696799245443,450.41504281552506,1050.6241566912981,1037.387693557141,0.01,0.07509646999257379
322,-155.63021212624884,414.4900603376217,1093.7414185109994,987.0550290490245,0.01,0.17609550771705892
323,-157.11122989846032,438.3494504037446,1067.9681722838595,1013.6263809216531,2.0082098157437853,-0.0399058040849235
324,-153.6417969213181,420.9728639865628,1090.9168084797998,985.7339228229325,0.5842125106613536,0.039341433776850045
325,-160.51047738698182,466.89377019862656,1035.796959416804,1049.7729762751965,0.01,-0.07908288385556085
326,-156.16931284507967,447.1057788558417,1078.8413556778537,1027.3149431574413,0.01,-0.0771850227854065
327,-168.8951350069083,444.5069278001277,1033.3640291246768,1058.812203946822,1.6543020561202513,-0.008309978210967345
328,-156.04827171052767,436.72195078673127,1071.964993019463,1009.9174137914941,2.368993061059586,0.023984565029076733
329,-149.91515152882408,386.12390583792563,1129.2123198379377,943.791398292828,2.2537851732971905,0.1358557365909608
330,-150.18343472135535,426.5383427708179,1090.1344925824492,982.381042290123,0.01,0.044946433317173615
331,-159.2783729533101,407.1240615693626,1094.955849387693,988.9272197579728,0.01,0.20290620641496168
332,-153.76652530774336,428.0957625174458,1084.4916798918744,996.2540140712388,0.01,0.2280680105779552
333,-150.04135478099496,422.97556704979155,1098.4441566484022,976.6104482409706,4.42036885589145,-0.018313047100606297
334,-152.94273691375915,420.77788617000346,1093.1828160889752,984.0722556702897,0.01,-0.16938606510280005
335,-161.63827169428495,482.6930631260007,1019.5733485894083,1069.8759457585975,3.079242991173465,0.1442916130382045
336,-156.21014421398826,447.32825698945305,1056.6390105450826,1027.0476249728101,0.01,-0.1707395445519862
337,-159.96093195355758,442.0466460287604,1053.9022189040022,1031.4807738477089,0.01,-0.09686387947103707
338,-150.39489670965912,392.6054509306956,1126.4749856613614,945.1405753698463,0.01,-0.14846317425746255
339,-151.93353219010217,409.17545175640663,1106.1333169578093,969.4725452990582,0.01,-0.12485641780516239
340,-154.71207516534778,401.581098949867,1103.7722784636924,973.3010136637181,0.01,0.05012145014860216
341,-152.88657087783713,424.1042256979969,1095.654358197876,992.1480061633191,0.01,-0.059437954883146495
342,-152.7809560416537,426.9413798273956,1093.5420356044026,994.9863741838471,0.01,-0.12440911923196737
343,-157.62566786590185,429.45329108068734,1074.8186860394137,1006.5941001885471,0.01,0.018828708181263903
344,-154.76005453360688,428.81872232748873,1081.796869048558,997.3771054063533,4.071288767684634,-0.06044212363380396
345,-159.73983947357573,482.1244035325927,1082.507061583594,1095.2132407770869,0.01,-0.0005647179397801366
346,-152.8417921310189,451.74263279377556,1062.1278722132372,1020.1828866918481,0.01,-0.025442909711728433
347,-159.16139006072314,444.6758177683968,1057.4669674955621,1024.5161000758883,0.01,-0.03579128567085879
348,-148.15705567239854,398.1403299451757,1121.6979359356214,950.4252972163453,0.01,-0.11730033871176296
349,-162.77895283246906,462.8674386571382,1029.789624414377,1059.9550774826535,0.01,0.0009561698277224648
350,-151.99708251460962,442.8278426357393,1076.4641997058852,1003.7973906208895,0.01,-0.19104276721415273
351,-155.92118776019734,454.49988951559004,1054.5216349758293,1029.0624507444459,0.01,-0.018860066419001526
352,-153.58438474492684,397.6591594153729,1113.3662386564845,962.3476120595996,0.01,-0.0015872975422620787
353,-152.26385198692358,452.3701189492916,1065.1155701031403,1019.774561182839,1.0848818077891864,-0.10294693259295253
354,-157.1364057136951,446.30507799109716,1058.104463984103,1024.2615721197433,0.01,-0.03714176485132827
355,-151.2544310835096,456.2975328308888,1066.4535782757764,1014.0269939477367,0.01,0.10933483627024697
356,-149.25712761932854,410.419129613788,1110.7222432672222,963.6457492263585,0.01,-0.030217065620459286
357,-149.37801151080882,421.6130809106191,1100.2436386500913,975.66531997913,0.01,0.02876192132288817
358,-155.6356424252363,409.3852255538114,1099.2101954382883,978.3249811543886,0.01,0.04307662279303999
359,-162.62973628979108,495.358220709496,983.0953060209458,1093.6493924912372,0.01,-0.06854999494453573
360,-154.83079025345552,422.9830716578591,1079.9814440016285,992.8477557476995,0.01,-0.0494597346972602
361,-160.64693791086546,465.3223989478883,1036.1701465921556,1052.8958627877817,3.0105454449119278,0.06681617059688233
362,-162.30874461741104,461.65777040422057,1036.2157822289778,1056.5026899091185,0.01,-0.12480761753134886
363,-147.5729740434877,411.55306501870746,1110.1448860087964,961.3265770545678,4.254068421165654,-0.06695009027399047
364,-155.5968669497721,414.8978498273668,1090.5848941830395,992.3680834765898,0.01,0.07527837459369807
365,-154.37744473422953,428.07406813713715,1085.9091339085287,994.1031252954218,0.01,0.07120346745750361
366,-152.44351561375734,389.1069073723825,1123.9305122377573,949.8972501849413,0.01,-0.04561661067335084
367,-161.64434852662845,451.09341239690764,1042.8819066113617,1045.5210981982614,0.01,-0.11924389144346464
368,-151.1052669646134,421.6229453991514,1095.526644594399,986.4841572158413,2.9159897390618292,-0.0572423830788951
369,-153.34045015026837,392.6684926373773,1126.40032672225,960.6379220623376,0.01,-0.10431730751120726
370,-160.15669696775817,454.06038814797444,1048.8970710465098,1038.5826299902444,0.01,-0.09044619630569085
371,-163.6042579424956,451.319678929885,1038.0425102054385,1051.9849388491004,0.01,-0.022003442013771607
372,-156.99108030123864,405.42005607566335,1097.9067771331215,974.959123311005,0.01,-0.07317556521160737
373,-155.55362488722767,456.31426286861256,1056.3522700800372,1026.7364140275438,0.01,0.06421205612095884
374,-152.16203643906886,433.09810505829495,1080.5978700284031,994.6691234339398,0.01,-0.04697867718239984
375,-152.17777197700352,418.4275076019176,1096.7271952293497,980.6760417839042,0.01,-0.16416645582183836
376,-154.71289521368757,409.02074390293893,1094.2155903725054,980.9844855195822,1.1812392089805903,-0.004386541508490063
377,-152.5608962701987,403.393838237634,1110.8438363404416,964.4076130889068,0.01,0.07493134105351718
378,-152.93875290486272,401.94686661657084,1107.5324906547205,969.5971029366134,2.457361414792749,-0.12049576807389986
379,-160.87955951376145,465.1869630481584,1032.8643889220534,1058.354949861647,4.374734160996255,0.08129649555976322
380,-153.2701579941658,419.54417652621356,1093.0340276729619,983.0356206100755,0.8668111798707702,-0.11652637290724857
381,-158.43675618863557,460.46483139972776,1043.7998099945528,1041.0791472135263,1.634749010945635,-0.11285250859158862
382,-154.4680545543468,445.47862110348933,1046.9305613039958,1000.0838928541632,0.01,-0.00848179910584082
383,-155.2194661164462,463.2915751694917,1049.9337502713267,1042.1085539807536,0.01,0.0497522856906184
384,-154.13877868468285,413.0585285875467,1094.1085416193432,987.2129479581137,0.01,-0.05121676007061647
385,-157.73127063794348,450.61687195638945,1055.6999019765412,1029.9439174917663,0.01,-0.025511177971588018
386,-153.86414126458007,452.0810771991196,1060.3919892498964,1022.3293585312792,0.01,-0.1702923623673778
387,-157.35216510752304,411.9510488936621,1090.0916962960162,990.1304879570318,2.174813241627627,0.012751994551437312
388,-149.47421772068938,411.2458646675906,1111.6424017871782,962.9797888824634,0.010755228354073602,0.061947148306893005
389,-158.42529261589445,432.0658586094903,1073.9465524873556,1014.1024481838225,0.01,0.09020189388880777
390,-153.51032409156159,412.3518348620932,1099.5353607677864,979.3621388894557,0.01,-0.03954247750110249
391,-153.36387775911214,409.5105836507277,1105.6927963928547,973.1080287879549,1.2840887307049265,-0.11243116100240756
392,-149.0131997324265,389.0811862286001,1130.2774640631428,940.1877171075281,0.01,0.031148736371380003
393,-158.36009754967807,443.7455752875847,1058.8701921946868,1026.45951441418,0.01,-0.10705145351081295
394,-157.22418013345705,444.31737826925036,1057.3317572160931,1026.0833417512702,0.01,0.049729929225905314
395,-160.19316851438276,481.59089895469265,1014.999088784572,1073.164021575427,0.01,-0.08365405048167494
396,-157.48077103853535,462.9357382320661,1044.4684726711926,1040.198864444092,1.9493025513322688,0.02086338798362339
397,-159.8287884591526,485.3090620550583,1016.6998549263815,1075.2473874442028,2.2354445888828214,-0.11778775006175697
398,-153.50580239915342,404.9056779955441,1108.94530020213,970.2571013419655,0.01,0.18293222525956088
399,-157.45400145743756,464.54052055604063,1040.0353658990823,1047.8443565249027,0.01,-0.05958451824964063
400,-150.71049042285128,420.94778918286715,1100.7641096236146,975.053192574537,0.01,0.08995974256108283
401,-160.75260270754444,469.3708573017274,1032.4258884710653,1053.4932300420244,0.01,-0.0063054330163112345
402,-158.80112020403243,451.82639325594164,1051.7804272046758,1032.7513441723315,2.181683940685561,-0.01339119463162676
403,-151.56234581964293,416.9017707155809,1098.1808786479648,979.412813562905,1.3902856633414293,-0.13561481366957517
404,-157.22962441912026,429.61754209937715,1061.512563700801,1001.3977296692257,1.2280959051473737,-0.011811228541899234
405,-156.94892617982694,422.1659477584363,1081.3170306828413,999.8143542216714,2.408963648694274,-0.05730913523176259
406,-149.18125037086403,398.8635581281045,1121.408741603804,952.1342340818017,0.01,0.01863974221105621
407,-158.4652666478833,439.9544429568877,1060.6336566086945,1024.64186026732,2.5224089813351283,-0.010368195053034905
408,-153.20443700004708,418.63670721455645,1096.6356811677106,981.6957245505756,0.01,0.16995770089798126
409,-154.07537317356625,420.25549803319643,1091.748736177055,986.1288538742023,0.10860063859165531,0.05304976738988243
410,-150.92098190522404,407.79931524346534,1114.3165033719026,958.9918544641971,0.01,0.03711182199641158
411,-148.04267949882092,398.41861283085757,1123.6141031420782,948.6805080837065,0.01,-0.06810705346952942
412,-153.79807215470697,419.13620658355376,1091.9079148674746,986.5321756615516,1.258961482020028,0.06302641652199288
413,-157.77950574114163,455.04993428230745,1046.081114727282,1037.7535535632012,0.01,0.064379210993927
414,-157.4350417346208,469.9902827413395,1035.4939250967097,1051.3796769632822,4.683353843616555,-0.06421474221512936
415,-151.9762459883154,797.8289924212382,1727.4040909326275,1802.1823142314502,0.01,-0.1130357443675638
416,-155.98494374666151,406.0647746758187,1096.2988930988265,983.7206437287883,0.01,0.12779721083490922
417,-156.0771671982396,454.9379849334269,1052.3664272968354,1029.8423052013366,3.88371494206441,-0.05793861759135246
418,-149.55382303900552,406.4049548151086,1123.0403214939515,969.7729895215706,1.282005548155437,-0.09651650983774908
419,-156.1088152447194,430.8887037846134,1086.768436221821,1004.7823540755895,3.243155448033672,0.05848969548829068
420,-151.05780028504947,396.5479021944885,1122.1087928079319,952.937616636224,0.01,0.08303689757786586
421,-159.70003121330262,863.860974731148,1841.7490180204081,2000.0,2.631334583028274,0.09171512595824247
422,-160.67405642562986,445.5064419979159,1054.495686252729,1030.248400705833,3.785280350214509,-0.004862091157165669
423,-151.35137529325058,415.19475648022967,1096.9993534624305,979.3895635006345,2.33522933203128,-0.01709262670207194
424,-142.23908037517157,386.8100011138156,1145.1624387632912,922.8250347362113,0.01,-0.017386737162185285
425,-156.22564917610708,471.48506229080994,1040.1165934926319,1044.981412045377,0.4179909161794071,-0.10499658197919576
426,-149.29722109615201,391.9536996540433,1123.7460156325117,950.0867598344521,0.01,-0.16116814232977208
427,-154.4462259355599,432.0171974282852,1078.3294488160973,1004.0157750457837,1.630435014559765,0.023876337462923957
428,-163.65142689380505,464.73056261073367,1027.7526433414362,1063.636199541869,0.01,0.03680772494592787
429,-165.1816513219008,474.11665385129123,1013.7245074260996,1079.7708014487187,0.8587891404428766,0.021714327745109507
430,-150.63847898234144,429.028035532179,1093.1758652703709,982.6031753703043,0.01,-0.11373899132047334
431,-152.57325458331965,416.49806262750303,1097.1674283039567,980.136979703731,0.01,-0.054512576222731174
432,-156.04752547569134,440.58175126749467,1061.2081152027636,1023.5370587503177,0.01,-0.08476360231552157
433,-156.98946806899093,451.57492360950175,1054.9053648341153,1028.550711790906,0.01,0.04809255924926223
434,-157.55031166507794,441.8949973129621,1059.2580797865714,1022.7777810478003,0.01,-0.18353671534862848
435,-156.46535303596187,409.972216192382,1096.119938328859,981.516809888456,3.1017861729082745,-0.056605804021544075
436,-151.6229580834167,413.0501242188018,1104.848298823126,973.4728623854951,0.01,-0.06262144949483399
437,-152.44595974126435,456.761394900375,1062.6309613438016,1017.0946781815464,1.0990902208465314,0.04372541501802068
438,-149.21168759342277,391.5667985960443,1128.2434668328394,944.1853139273212,1.9757806597480265,0.11872277040021537
439,-152.10606018079667,434.9194222308134,1083.8017839922322,994.2939126165918,0.01,-0.06239866179362066
440,-156.57970631920665,446.3032835772192,1061.534984436105,1020.9804667804088,0.01,-0.16721092352408312
441,-150.70863913981464,412.70729380078325,1105.680360606325,968.6942956829527,3.2983308780735245,0.0352603492754513
442,-155.0611551653799,453.69413704729527,1056.2446496107364,1026.7536223554034,2.7889748682503326,-0.006832319454055493
443,-155.31636547681464,446.19660856069396,1069.0729498578967,1017.5711444435414,0.01,0.1710078659380311
444,-147.68765784208577,396.336857849927,1127.69482544815,941.0712620910323,0.01,0.10672579739348517
445,-156.5433736180062,425.1486214355432,1080.1248912052752,1001.6276840767389,0.01,0.039057738642312004
446,-157.8511965688689,415.6268376868022,1087.300788399395,992.9504063849294,0.01,0.044970760895323515
447,-154.09718558017295,435.2331882824435,1075.981785854351,1003.3189477492816,2.684028129071927,0.022265766819195655
448,-150.52699099486327,410.7438319812908,1108.7086640304199,966.1225859635731,0.01,0.07662690023339298
449,-161.54094184406875,429.1040237553297,1064.0226837654493,1017.5487538535997,0.01,0.09544944449191967
450,-155.59295224134846,421.2593111569068,1091.3696845553516,986.265656476779,0.01,-0.12353777907585192
451,-150.06292660367026,404.6464795231417,1111.343778219629,963.2350480041765,0.01,-0.20144750517862986
452,-160.34711748913662,483.3082495167686,1016.761736207354,1071.8960195534153,0.01,-0.03275347718981021
453,-157.0011620898094,457.1770008616999,1048.2104217594467,1033.8257465430977,2.3534971923470795,0.012419601233109335
454,-158.7118178291713,459.7876792170354,1043.4930049163358,1042.6147711680717,0.01,-0.07315588160094676
455,-159.9552449557753,427.7363428624847,1076.810744461512,1008.6549287380998,0.01,-0.039783958991615444
456,-159.91356038915384,458.81678798886264,1040.2694576745778,1047.613331650016,2.915539487060312,-0.02505187876191668
457,-149.19234164975254,426.1194230535281,1098.0338444374647,975.9788661390326,0.01,-0.07937783560985806
458,-153.7584951375711,407.8596950772992,1104.5400070172211,973.0150493915909,0.01,-0.09453995873877773
459,-155.4932247584228,445.2373153402649,1063.5185296259883,1020.7925526641059,0.01,-0.009364506860676225
460,-153.22232626426776,436.9304079432941,1078.2992368627063,1002.7620835623248,0.01,0.08848384346515417
461,-161.7363065117487,869.8576141525758,1779.2507865097996,2000.0,0.01,-0.06568976852726209
462,-157.94598526407614,427.0839781219661,1079.9244563798634,1001.5521781459856,0.01,-0.06818770033523894
463,-144.1337285866707,413.90982613281057,1120.5476957435885,953.453993832698,0.01,0.10616828703940857
464,-160.05618620595254,455.55852224814265,1044.2305756475394,1048.9388994351177,0.01,-0.03965073060919537
465,-152.67744484056263,428.9192957792201,1087.9128305791207,989.9266647319722,1.101431977433697,-0.024683052088057794
466,-156.8233182180756,426.9151333467774,1081.4597090880168,997.9478208802122,3.2324414558798753,0.02528043321769121
467,-151.42224228600793,410.124999469441,1104.949060296268,968.3035453959534,1.0479757600052493,0.003872111897789348
468,-152.73386863122687,430.5104370087957,1082.2308067790407,997.1300039847323,3.6339108983375388,-0.009444014127643665
469,-152.56573015175815,413.5726239597601,1100.390346523375,977.283729994894,0.7534275475083707,0.09958144290005788
470,-150.14962786601936,433.8619363100773,1119.4153983683645,1009.3273399000713,0.01,0.010005537098379582
471,-148.13701833198522,414.5625950345344,1080.7328240816908,952.6490491267708,0.01,-0.0627907057882987
472,-155.2411538278599,428.06301261412676,1076.56091076161,995.0816818124309,0.01,0.16785688570429125
473,-149.7014946028945,406.00564685672947,1116.0867084404315,958.7204639173882,0.4694148227495395,-0.0102667434977995
474,-150.2471569124732,413.0540866849974,1107.9748900473294,968.23018818739,0.01,0.00464340210004185
475,-153.4998611209442,414.9065443603209,1097.598652046341,979.6368430084628,2.259792160971151,-0.07635492241955255
476,-156.51085885391936,133.1807159116987,481.50503794709005,315.2174772883254,1.7099766071651845,-0.1064679964488055
477,-160.74000279204736,97.04536265481333,401.02995226247396,227.04502796608648,0.01,-0.21521007170738818
478,-151.75678572611062,399.952559624956,1116.5064942135289,957.2104504299555,0.01,-0.07672364524274292
479,-151.68888074859547,452.09629085122623,1070.0541176376341,1009.9244117309962,2.760150196217174,-0.006417229920793205
480,-155.84286218843476,416.8717967332045,1097.8212486829536,986.8648048014245,0.01,-0.17005638970400191
481,-158.75732106825987,462.82337893598884,1041.5294563936998,1045.7102529262852,2.946697738138586,0.15813237635933952
482,-153.50931360360173,408.18741107185906,1100.681703068228,969.6365377804505,0.01,-0.04536428233333501
483,-147.85762672792444,387.03769956956455,1133.6246448460945,937.1179783671383,2.523248421729596,0.15732123722750208
484,-146.35197457361625,366.18973349747944,1155.2153889882577,912.4848708227905,4.205205797401394,0.05355171705449642
485,-153.6641448673396,441.32555267889853,1073.0280131377617,1011.5691312419627,0.01,0.01780313738309902
486,-159.53725346520486,446.0028758535979,1024.0266588979566,1018.5187274670826,2.1709372213710822,0.04194935152282402
487,-153.638386763301,398.9662717254526,1110.1458600374515,967.067227584725,0.01,-0.11527158550029346
488,-159.0062284338909,459.2224781831088,1046.5259819487765,1039.6104328629483,0.01,-0.023461181573217152
489,-158.04014977953085,449.4678644901303,1055.13502097341,1030.1771949060953,0.01,-0.09432822965632234
490,-151.27437281516634,435.25461398865343,1077.1344768141255,991.5706593067731,0.01,-0.059719918848939235
491,-152.73950066568193,447.83790272529717,1070.4311075347168,1018.3789475467348,0.01,0.04329671058059919
492,-156.54970585587475,427.43962099886494,1078.5784524840324,1001.8142814896701,0.01,-0.04659958240810319
493,-152.1042842532868,384.43910177974095,1129.427819455201,945.3787855704978,0.01,0.0623967847552565
494,-162.6113090999752,477.330666785551,1012.1761568852205,1075.6828879699103,0.01,0.020343869442635297
495,-162.7105031997374,480.1173006724675,1016.9373390972329,1072.3173290427744,0.7230105008764771,-0.013901870224342656
496,-151.24856440134604,405.62032425513945,1109.705739577424,964.9612434016373,1.7737581532151272,-0.030976156249413536
497,-160.86912839506647,453.21427417230274,1043.3527984136017,1044.2400208180447,0.01,-0.002494134527026123
498,-151.1354657128055,409.1547376471827,1111.5622367462745,969.3652155581796,0.01,0.059358135264876655
499,-158.97346340783622,419.7790146728639,1085.1924299806947,993.8435208122634,0.01,0.09757797991382489
500,-157.07127837520073,440.8469230623783,1066.4080879024934,1015.837628159498,0.01,-0.14398361115275837
501,-163.2794573826489,465.1683837326864,1024.9290558847426,1065.7435300867785,1.8515743355879895,0.06779728609449316
502,-162.82995326688496,461.4848900918596,1030.3927315745343,1059.550925733161,0.01,-0.10745955859538728
503,-148.717446107032,440.9644747884648,1080.5626961115297,993.38902154881,0.01,-0.08184140738090812
504,-152.47147770791733,422.62595376848515,1093.4765643842422,984.4150515313196,0.01,-0.02552111576241343
505,-160.00276353697325,450.8491858393909,1040.481700792866,1041.3152504264335,0.01,-0.02753084394472965
506,-156.20745967522765,437.5208839849594,1070.825274720092,1009.6526238666618,0.01,-0.14715215169391993
507,-153.1513312528114,130.5886293718696,461.0039814001817,299.1429028701806,0.01,-0.01677105994053218
508,-156.88367724563224,485.7398919864305,1022.5989676262983,1065.8506936452857,0.01,-0.05373485714859645
509,-155.57764917415784,441.6114624584887,1063.8321327778112,1017.7491135080452,0.01,0.041795023403227424
510,-157.53702185608455,485.16367633119535,1039.9730691840725,1066.033326943586,0.01,-0.010117724628898456
511,-154.6025434950776,431.33825303849704,1079.3457846237216,1001.0133215413617,1.5792624970595954,-0.09808681459188533
512,-153.82421578761532,425.7788132239983,1081.6419474710349,999.6246313698875,3.0802419998957538,0.059377297672580064
513,-150.9629752499976,407.25715609023524,1114.3490694288037,963.9253159260184,0.01,-0.024911501760971982
514,-150.2336731541066,398.723218666415,1116.2033220947274,959.5189248065509,0.01,0.02479500734078834
515,-148.11417333387143,404.80613530015313,1096.156168700789,943.9605136156863,0.01,0.04020463988996345
516,-158.85220929971234,422.4677382396455,1078.6542466377127,1003.2514441032775,1.485475898387682,0.01875429776994192
517,-160.6992357722012,479.780428841313,1022.1547438302397,1070.0766353850975,0.01,0.0003095622753322396
518,-164.49582403963058,445.02467002432917,1043.2216712912445,1046.4465298687965,2.6086249201132885,0.11339881502845542
519,-150.04354571433086,412.27899090464166,1107.6085790051468,967.49243009987,2.6727268034845655,0.08566257360457533
520,-157.25582613389503,438.8089097868565,1070.0794082176049,1012.4174212236538,0.01,0.012478710686514759
521,-158.57875574237147,452.1433264425442,1053.456887487136,1033.207831450479,3.7977794333850317,-0.033726023917957086
522,-158.86526149915903,487.61472534973365,1014.2898352728988,1076.1874030698955,0.9664560534834004,-0.12200301092055224
523,-155.09546760232953,452.1498421560108,1056.2051725183492,1025.159237305788,1.5934154483931815,-0.17024044318871748
524,-151.47969469999376,440.01697815495265,1078.74317172863,1001.9246018366899,1.8193420489930499,-0.18593782912711868
525,-161.780988740627,504.0192330717637,987.1655764167168,1108.0219998317684,3.003541182239849,-0.0649768210751138
526,-154.36887865608796,427.4986752613011,1078.7326314532918,999.0292449410186,4.201630058265906,0.0027351344933625754
527,-152.86533771499685,397.31586583409626,1114.6339278380171,960.8701882828188,0.01,-0.08177563170884894
528,-161.35253080805117,484.3602001239877,1012.4383749095109,1077.5374477645094,0.01,-0.10357809712098913
529,-160.99049631076412,460.1595656306527,1038.907469482985,1049.1416919488565,1.6513964205066471,-0.018013213162287572
530,-155.95695023030646,459.0677565405143,1051.2152826667043,1032.582221978138,2.126489106604192,0.07046761760922081
531,-135.8712008467444,341.55824711651496,1198.591145458993,858.445343644034,0.01,0.1719599356915598
532,-147.641569342047,381.54015298618486,1136.3859862483657,933.623277612706,0.033971353305472345,-0.05968657054164566
533,-159.23547639806696,447.0360725550388,1052.7942599855148,1030.6186465505039,0.01,0.013784072751190172
534,-155.95412120110362,440.9610801722359,1070.6868308289972,1010.6936636773523,2.5992366762928705,0.08612076179831986
535,-155.32335536874416,446.31357133492406,1064.379417662802,1019.2057963248216,0.01,0.027511079183414045
536,-153.30650113226008,417.5514513047871,1092.957675004664,983.2264041578007,0.01,-0.10536880631148517
537,-156.44312717915707,441.885943413059,1061.5915226608872,1018.3795032600744,3.085650977521806,-0.23601198458462178
538,-151.84231482713713,390.8638076420899,1125.3066215840738,948.1437980282207,0.01,0.08051234996026439
539,-158.54138286688797,445.0004715852364,1058.2359449170476,1026.3332904328304,0.01,-0.08617083079895707
540,-151.67934226374285,417.9188939524258,1098.2556398019287,978.5976006441109,0.01,-0.06257869311825308
541,-152.8849641786641,439.3870200015843,1077.6167400778545,1002.4015541521733,0.01,0.006980453801831483
542,-151.25482520727354,413.47384574211003,1101.8231068927078,973.8556673258921,2.3906558494738497,0.14869987501168844
543,-160.47596271841817,452.9030375262907,1043.0118867320753,1043.7801140660672,0.01,0.06606528741974407
544,-152.49567345051494,428.67612896442563,1093.8791172274132,992.4631880707468,0.01,0.02234135067158233
545,-160.68374309976232,439.3870301407125,1063.0570560703688,1028.3024683224887,0.01,-0.08063948336502834
546,-152.17932769016156,397.2401170247381,1116.9305179204157,958.5999155719218,2.7074813104770077,0.004543375720520343
547,-157.7829338364068,444.8542127537926,1062.8450888426114,1029.1044080832496,1.5023668126316685,-0.059874322970578854
548,-158.08224871004856,474.1197127147279,1033.395786069471,1054.963179198029,1.155527204977038,0.0720711035576314
549,-156.61541934895996,451.1953531073183,1061.9832399880263,1020.443151555138,0.01,-0.15097559176720185
550,-147.03801411457871,407.5504649810744,1118.6497454401679,960.3371916191097,2.4241482930507887,-0.10720255522208168
551,-147.84772422482538,848.4155151554452,2000.0,1940.2565182348753,0.3611017081628764,-0.13298141525719848
552,-146.46683134515672,399.4240318191395,1123.0993532576106,946.9039255777637,4.010232784778934,-0.0542071503205973
553,-154.3940777383715,424.64000107987295,1086.3678022127426,993.0884679818704,0.01,0.018373547736119662
554,-155.70421860836217,418.92746026100457,1091.4267675769445,989.60060255765,2.417071515726216,0.198625707808052
555,-155.6489385211168,473.2238400381648,1043.8741102456374,1045.2558538004832,1.0991152660852292,0.07061221476406909
556,-154.4455912916734,432.5072528702704,1086.996525067139,998.2149346676832,0.01,-0.054085871053848426
557,-152.56502742440207,423.8830992495951,1086.782951749413,988.461715456364,0.01,-0.005462986310739362
558,-153.78769481823318,431.62571752291365,1080.8266830208036,999.9473866939259,0.01,-0.09370248892872922
559,-154.61607428155662,429.1774378443058,1078.7475451033247,1002.9815470773219,0.01,0.04170984941399327
560,-151.66478357982044,404.2751941838752,1111.7823293083743,964.1656054998701,2.9734386275464058,-0.06922839478192483
561,-162.86087414931222,441.0049068295992,1052.3348267967826,1035.4492083739976,0.01,-0.031031184737974733
562,-160.47997047035494,486.42617101047466,1003.3292809868173,1080.5679713722025,0.01,-0.11247567605199568
563,-146.95868737336136,381.0803682525235,1141.0848566630793,931.7687058641717,0.01,-0.044947602074461544
564,-157.45457045307535,136.3454088695156,468.91023128399047,314.5171903730951,0.01,0.01990905098984807
565,-157.42718653220166,465.0541199752227,1040.9665685097057,1046.8042565952921,0.01,0.13893170367010133
566,-148.03473038370862,404.7189767111209,1118.8530674251524,954.2130100025494,2.804495092976318,0.13532295555001891
567,-156.98915398374933,435.5118071581158,1070.2795935389295,1012.4892488722659,2.8796323597467084,0.012743811315668053
568,-157.85204663377436,448.4118849847596,1075.1089219227056,1038.1111059061789,0.01,0.13659834162429418
569,-160.23399068800836,443.2444794523433,1055.3313132753965,1031.4879958772806,3.385116723655365,0.10019156471601276
570,-156.44077467183413,429.643147850682,1080.193621295689,1002.3490669494917,0.01,-0.13572818049723448
571,-149.00860937397618,408.18880524746635,1112.6514530767056,962.0922303468034,0.01,0.06826122311179314
572,-154.68559148040282,434.96147676497543,1075.1768202623352,1006.411619226003,0.7666427005833091,-0.07138448481808457
573,-158.43677159255003,443.00274766267705,1058.313077566162,1026.0602769778923,0.01,0.0929725479390203
574,-153.69499908226297,837.6498575164579,1999.9855293332334,1969.3474102609346,0.01,0.07416476623718689
575,-150.72006997698114,388.6778709668459,1128.8008406185609,944.3065458038986,0.01,-0.09894630160355296
576,-153.65995490041644,460.6608527765634,1053.20795207004,1028.4538211123242,0.01,-0.034733999699360356
577,-156.87997880533757,437.27259582686105,1070.505557759593,1011.6345097701461,0.01,-0.08226575173316793
578,-154.49697460534537,430.4991911855879,1079.184748046222,1001.4248481655482,0.01,0.042812146753966156
579,-150.5927789024175,406.6832653096087,1112.112174519633,961.8928902599672,0.010343566594110556,-0.08866645508699032
580,-155.13125721792446,434.7247041544954,1073.037468653076,1007.1622670817263,0.01,0.04980019491546916
581,-153.2171295292389,425.31286864615697,1084.013877107359,995.4952639708284,2.942876117428497,-0.006885917640477792
582,-149.86412523610224,412.87868372793673,1106.0120048685499,970.9996670566393,0.01,0.188766187217291
583,-166.57593415578793,497.2537553750233,988.299038408483,1104.266936133094,4.214169064967022,-0.08395285939036423
584,-153.12895910055042,88.7329037448836,413.3203516124017,219.3686086155048,0.01,-0.09134830766086294
585,-150.06668414359723,414.9656911288568,1102.3194916359473,971.9465793032919,1.7590858898515769,0.05625537432289304
586,-154.2237955206388,420.32101558629796,1057.9756823935966,975.026704419177,0.01,0.03819754375635361
587,-163.23764943788782,480.32344388434376,1014.6039986182973,1076.7279486649538,2.003522288902524,-0.00768322295282631
588,-145.37260174646897,372.96338694949026,1148.451687552682,920.3749174431964,0.01,-0.011692361923013813
589,-149.84821550710163,425.1574181306014,1101.3565622943481,976.8017612074416,0.01,0.014250710952811765
590,-157.60660860693642,434.24174075839886,1069.1064041959835,1013.5929417025053,3.9713617344152143,0.039929252073720445
591,-159.04772999987412,457.03513037865247,1050.837632746231,1036.8528743212996,0.01,-0.03935097166077913
592,-152.168093660868,429.18434654110905,1095.7194966032282,987.6340889189788,0.01,0.057116149240063516
593,-156.4626343802076,434.06962041783163,1071.534239682292,1009.4046830816828,0.01,0.045573839848281825
594,-149.891351285558,442.32463213741045,1081.0996334256429,998.9245659314355,1.7828358915062334,0.026955442735023257
595,-161.7099086315715,240.2623016118368,651.605677076982,554.1020816366943,0.01,-0.017261805040433186
596,-158.45855244671927,420.4256131700267,1077.8799811105603,1004.2095975816297,0.01,-0.02785507895850317
597,-159.93427555040327,509.9754767299521,993.5336824301319,1102.4040887295387,0.01,0.09338186831878206
598,-151.8979330047653,432.91863501690705,1079.6516344090392,984.8715805334206,4.733202541257079,0.004571111018699601
599,-149.2855372819809,401.92543188970467,1094.886167870287,951.06017710916,1.9583980647169936,-0.12388320071963373
600,-160.9882564841326,141.73210142257327,453.31987622740644,320.4019607537465,0.01,0.04734239912991544
601,-152.4474871300721,416.0404968116669,1095.2563074097523,979.9955593078204,1.1243215283000128,-0.10518482130043841
602,-152.64559087571166,419.83058182659175,1094.7907331148035,980.3765117863977,0.01,-0.02553936628898056
603,-152.48271902695907,421.42169597776547,1092.0057825347794,985.6396269892147,1.4156987214109134,-0.05834530934634978
604,-151.41177781415897,186.49051707032817,610.8936555918577,440.89100039454064,0.9927843881385849,-0.12212038038092794
605,-151.81028090450198,428.77465790108636,1086.596495070571,991.5250561669438,0.01,-0.09461936796536283
606,-150.57974407605445,407.45215832952766,1114.5110708955772,959.5815204703638,0.01,-0.05566019127356818
607,-154.13351017507824,449.343858546385,1064.8651068217912,1016.3504047143651,2.309720371756831,-0.04242497813926632
608,-157.82313068120743,423.1188838869206,1083.9008814090687,996.3374162201991,1.86722122295989,-0.06386718693816841
609,-154.01704441242865,424.36007136258115,1089.9720845114928,988.6104952288379,0.01,-0.02611807374250164
610,-152.89891993423976,403.49450448196853,1111.6348660705853,965.1809926022883,0.01,0.046404584176647015
611,-159.30009988199626,472.62004065398037,1040.3606879863933,1064.938193871807,0.01,-0.2014886842091942
612,-157.3836883943971,421.8517869455525,1086.8853278083247,994.8868908981149,0.01,0.08819079368852827
613,-156.25160280106542,421.3193376362429,1077.4553256957815,992.5621920969995,3.0375061585180476,-0.0329173609210703
614,-150.70291289882374,397.9194774780568,1118.7291630744032,956.4283953128356,2.315594542198509,0.0003080710901307828
615,-150.19134582824552,420.84431110149376,1099.7869507536118,978.7148316245053,0.01,0.10581189773731128
616,-155.0220764453458,433.2890827128319,1077.2166134174481,1003.107876780492,3.2442562556394163,0.006471042801914421
617,-155.54688839965894,441.3008936138226,1069.0010603910066,1012.6073126637127,1.4794856690602745,0.012845229045785982
618,-153.46979929443197,420.79054283888695,1070.3889526298556,976.4136996760029,2.50793109528436,-0.15512527236064405
619,-155.9443529107769,453.531656889429,1053.9888840941853,1031.79316215423,0.01,-0.07644949395968666
620,-150.2900164784548,433.62973244174276,1091.6807995407564,987.5489982196463,2.513065988734959,0.059651980505954744
621,-154.83112978725885,95.9140004453521,416.330312367806,228.42628007735203,0.01,-0.04335926340778069
622,-155.746696655118,455.70928459294186,1053.5432458858288,1034.1908858647405,1.700667091708968,-0.07184941860601622
623,-158.46169424637839,451.17519354328437,1049.9718092694104,1040.3076692748891,0.01,-0.13935242218415733
624,-159.36283229088133,452.82317382638956,1051.8671550348956,1033.0019637041603,0.01,0.0942257220513747
625,-157.19305853640535,439.368698388194,1065.7351163773965,1017.9050582318131,0.01,0.007058116441287582
626,-154.94976445763217,463.6309918000475,1049.097516203402,1029.9799578786613,0.01,0.08663231271275489
627,-151.9802679576136,419.0248763018219,1098.4302668774467,982.6021013432805,0.01,0.06594347022957148
628,-154.27177533563827,469.5778008255712,1083.9278239789319,1055.4558425717723,0.01,0.059444327614337746
629,-150.5907761063794,413.3169779591625,1105.4287750530423,963.4465372269187,0.01,0.04448262934091524
630,-158.20004796291977,458.2600981651056,1043.0861686460921,1044.0916520538224,1.1692006354089008,-0.0628886684418076
631,-160.53324169331435,464.28796387804226,1035.659888983687,1049.7067455094134,2.129999180512557,-0.024904341733341773
632,-158.03819285545813,430.2911074791711,1069.8886088684462,1013.1311358854251,0.01,0.007965668995968391
633,-153.1340916567972,406.7110333383283,1105.4615030384439,971.2305448071514,0.01,0.12638094627858643
634,-157.72282805223324,443.9576924432486,1060.8798445640023,1023.1948384336904,0.01,0.06756886559943978
635,-154.53036114187768,431.7940300705937,1076.7901315865583,1003.6993936991969,1.7537231616910025,0.1968485582235186
636,-154.91406102065977,424.88694549352675,1082.0544153126075,998.1384948426371,0.01,-0.14384016744104883
637,-157.6061466455009,461.54423425613743,1046.9577877265178,1037.4510021928809,1.9589097599337877,-0.1278470415394325
638,-154.4930434146897,454.4856483195968,1060.1157695901,1021.1453944677542,0.01,-0.042546976968607104
639,-158.4428892035864,476.6980067376652,1024.5551824886588,1066.465228696073,0.01,0.13650266718100162
640,-157.41381694486373,440.37950822445714,1063.6931303826793,1021.0473940059959,0.9157139984772219,-0.12658909321012674
641,-156.05210322472038,439.2938820476277,1068.5809302698033,1013.3886474352877,4.318968710162975,0.13173592282918015
642,-152.19293529719195,433.4986140446584,1077.5647833760775,1000.7113631976426,0.01,0.03058984543451355
643,-158.80883393406603,314.3869795791644,797.671979487176,725.4684208107165,0.01,0.010806034329512059
644,-154.7812934569071,866.1113890092214,1904.9126776248422,2000.0,5.095812535264504,-0.05794979755367792
645,-153.26076604885876,431.7326092905506,1084.3914522086193,994.0118162856936,0.01,-0.04868930650840807
646,-148.14190582111706,400.7721877787263,1119.9986706394739,952.4762631254143,3.5615537745774213,0.1181702982471553
647,-149.10895279084428,385.9872817988966,1133.7654565024675,936.1928839463393,0.8034849217249395,-0.057812013123933
648,-146.83112192531385,406.21312040673433,1121.4051034220006,954.9996556966771,0.01,-0.18613946990568875
649,-158.38337059232808,446.83051350475523,1055.4867461142678,1027.2439129972397,0.01,0.004915798712378853
650,-159.16945650205372,446.3762636293296,1055.612864928838,1028.827343650736,2.873910949951801,-0.05144061620891425
651,-153.79155642770073,163.79949748561768,537.4843872010343,377.0256262773759,1.0947753286704551,0.029675337161834833
652,-159.96514341521194,437.1542193026834,1059.4251228232563,1025.959116047693,0.01,-0.03524894007441124
653,-155.41727493992883,439.05231885848787,1067.27629648317,1013.1674660766147,0.01,-0.045805275546263756
654,-156.55504538887146,435.0770963544853,1069.0854611518605,1012.9688109579465,2.7890311045230143,0.04777690265557276
655,-158.33749730240348,496.8028416371477,1008.2857535067411,1082.6658478556258,2.5118707792614976,-0.013545404775424959
656,-156.59462958577566,154.41975200107143,527.3683006723342,365.81933535962185,1.2879019754385619,-0.020115297752536683
657,-154.4835740642895,423.77143415432664,1084.3762067951952,994.6364443352477,1.5470584060035648,-0.08818937708236058
658,-153.77705137849588,435.38169437305487,1083.5899867588964,995.436036444753,0.01,0.020178779215398797
659,-155.8511070315294,432.4009172082973,1076.4703102364856,1004.6998759537179,0.01,0.040278600709034496
660,-162.39933523033199,466.75968470341155,1026.5790615212084,1063.0332743426245,0.01,-0.0017962213483141895
661,-152.88571233112816,427.2565834362973,1086.3223049216683,991.4108796773041,1.6811426883857097,-0.08280810859941458
662,-153.02687579767343,421.4747000898178,1088.5571050186757,990.4152940188733,0.01,-0.049867837103387366
663,-152.05957243823383,155.61303052690536,564.702405305547,377.5006149016681,0.01,-0.009367153993542467
664,-151.94227112100288,397.7507237312662,1117.1380751056736,956.4753312760546,0.010463613555301675,-0.02895698734429708
665,-153.6995400532835,395.097415460953,1115.0181263647435,960.7297691480096,0.01,0.023329703383325316
666,-158.52140500679806,466.3054604219529,1038.917334297286,1048.3211142986002,0.01,0.10585297291738589
667,-157.32078553326582,446.0887970264564,1069.118271117432,1034.9194017907746,0.5934927847015872,-0.044080111549977125
668,-158.05938659581514,457.964347940627,1045.815799845177,1040.0580409920547,0.01,-0.03265842656539392
669,-151.68758163269146,420.1521281890087,1097.041946083143,982.2998506253421,3.282004340457772,0.06631222255625564
670,-157.2144252448342,463.0905686124935,1044.4630559773443,1041.874242857897,0.01,-0.12669654412551756
671,-157.8297018545837,440.03931267869353,1065.6667237563213,1016.3474458013197,0.01,-0.03808497193868359
672,-159.7447826647614,452.4855311896711,1046.0628078547486,1038.2767597374186,0.01,-0.04611083691755139
673,-163.28084658178324,469.3223674212635,1025.524152885848,1064.12949310328,0.01,0.06653445662884995
674,-151.9306154053965,424.06124458401297,1094.4469269200708,981.0781578198103,1.000002290611997,0.03205876219453347
675,-157.075294006332,415.8272770681741,1092.0732339335343,987.4114919621726,3.645695636147081,0.025485497488785695
676,-158.81689058225584,502.23333993566473,1012.2055776080731,1091.507068046938,0.01,-0.0379316536441375
677,-155.3071818515112,451.9922891296116,1056.8918512848832,1025.772698441061,0.01,-0.07161721611676579
678,-148.41880581820607,429.97111299565046,1091.4531321458787,981.8516570955085,0.01,0.020229456501672308
679,-157.73876921869163,446.68627583776146,1061.2693190468797,1021.6507990272519,2.5512690610812934,0.025481236677689634
680,-152.41000849353173,401.9804720340036,1114.026178150108,960.1972799892449,0.19248821076270511,0.10681497561506546
681,-159.07164801334105,426.2127706974799,1073.8717208213448,1009.1410345689127,4.487502662518802,-0.11718336420142601
682,-155.53079004551367,874.0938248409443,1901.7247500123012,2000.0,2.589749278889545,-0.0007714833044023765
683,-156.01965289860127,420.86178633984855,1090.3228444114363,994.6247183679642,0.01,-0.10313567176659985
684,-155.6215494291875,426.2977956722778,1081.0167282034267,1000.6899717627575,0.01,0.04520354121440071
685,-155.39531988007772,431.6432943908873,1077.758652158779,1002.1890045879395,1.8591130217297007,0.02769982149004752
686,-155.94654872341349,417.0673108622836,1092.7404665289237,989.6446295042836,1.0544456341956487,0.04606556869120309
687,-160.6042613762974,420.19705714592,1077.5111147005555,1004.2428747333797,0.01,0.04799563421428009
688,-150.7091227072961,427.5464184127536,1089.660106654053,987.9536740536661,2.4258546276474315,-0.02541939837773456
689,-156.29302162631745,424.4128389318162,1083.7256453388727,997.5847919420543,2.1688788189148442,0.05643915370332798
690,-151.074212404294,447.97984782636223,1072.3191181308628,1009.5201864376475,0.01,-0.13658775555752925
691,-155.16330285268236,427.81259489301243,1081.0965331715229,998.9757325875461,0.01,-0.2183775110762611
692,-152.73526184032468,436.2750920614868,1077.4952471080555,1002.2335770006399,0.01,-0.002057567353546186
693,-154.8935714044158,417.35335035594443,1090.004397165714,990.3035656573041,0.01,0.030805354019815642
694,-156.92823615698362,412.913013448511,1094.1164076204986,983.5413623262071,2.189689086988441,0.01684828265866788
695,-147.83514806368805,373.8506195014023,1143.8656349444514,928.4928182165247,0.01,-0.012740114247049128
696,-156.25140219683743,432.7437144493662,1070.9222119127826,1005.9324972871725,3.1113568020650995,0.13067752620366951
697,-160.17710876127944,455.2237899792324,1041.2062575954712,1045.230661651371,0.01,0.10391745509949374
698,-151.78120887223125,423.193732613151,1094.795287225304,982.8597418647282,0.01,-0.038348404935565364
699,-158.9445410665374,433.38812225223836,1069.598875629496,1012.1412361562544,0.01,-0.11589366442230417
700,-152.64715530191262,401.05518393493514,1110.0455636739562,965.7064128662836,0.01,-0.16400836105241287
701,-149.37217893871588,409.13810151016463,1111.2872150056346,962.4277773283134,2.6739470430756462,-0.08817807566170027
702,-156.3076438014483,467.6316071878826,1041.8256911168692,1044.755314946589,0.01,0.02630030984880226
703,-154.53270483505125,423.0039327691467,1090.7755287341288,987.7015249359598,0.01,-0.05142620119602722
704,-158.46223922215594,460.5695372658151,1039.666979132295,1046.501745391745,0.033451001274052095,-0.045368296660816126
705,-157.40524142986,503.4079314514484,1020.9279217135003,1084.4857040104732,0.01,0.04750076364039703
706,-159.47980085288864,447.3685530887275,1056.7570644629443,1029.637367034353,0.01,-0.014994356067999167
707,-154.434125231881,405.34687352667277,1102.0092437455862,976.2047634964479,0.01,-0.03532653167264244
708,-150.41188916093537,429.7347511613614,1087.5580781663944,983.375892730472,0.01,-0.06282231048200422
709,-158.3208101898484,445.36602285950113,1055.1734201905017,1029.1428811355404,0.01,-0.03782378478050567
710,-151.50615310069514,410.8490833297201,1109.4762067911042,966.5351899352705,0.01,0.009857618852650117
711,-154.9211900546574,425.9790349198175,1081.976568468709,996.8623444341772,3.760821589965224,0.05401137311143093
712,-155.34688507867367,457.1522011340991,1053.8029121885709,1031.471546131731,0.01,0.06544810046989386
713,-153.4046803763331,438.3484986488082,1078.395637536824,999.6801066683498,2.4844286913028335,-0.13945152731990104
714,-159.9595187274516,464.4834111298173,1048.347150113718,1057.6653229593526,0.01,-0.07325598172767321
715,-158.74133909015364,445.3059781052061,1060.2392074954932,1024.460692149571,0.01,-0.14929930018837512
716,-158.26382535360307,420.91871092607477,1079.3972023894255,1002.533112652474,0.8392399240620788,0.02548999800607625
717,-160.73170211884974,445.3104852146173,1048.914905575519,1037.4212690471786,3.0128949891378936,0.18032223559303204
718,-148.15707850199658,372.43986679419896,1146.705970732038,924.5070598914787,0.01,0.06961072879105451
719,-164.76673107790387,477.67819536237386,1020.258795996649,1070.5347156602606,0.01,-0.0680698804399902
720,-154.0575136742773,404.99849217201705,1104.9608475963619,971.9227718187991,0.01,0.031653233164313836
721,-150.80155479850842,398.43414774680946,1113.6298316629939,957.70364073017,0.01,0.023565999311544492
722,-151.26816701687193,424.7448579218483,1093.3487669587553,984.1897843068289,0.01,-0.007906656421683408
723,-160.33963699052345,436.7119447694987,1062.4473423954214,1023.7126858947533,2.4506700393363863,-0.045930184252269454
724,-149.0079377179744,417.9507645194823,1105.589669905891,976.1396827885366,1.5445503393446975,0.1382794751715781
725,-155.01918308806734,484.1490671855296,1029.629913026368,1057.602100931799,0.01,-0.1684626941478119
726,-147.15848996682053,810.3993577064745,2000.0,1900.7719071090057,2.4966345035993167,-0.0719535653843224
727,-153.4109116981402,411.18242829492675,1101.3991024604625,976.5917622872419,2.310133370818145,-0.05843859668286173
728,-165.0083863508531,464.86480684759744,1022.2637480923966,1070.0497548279513,2.5983236428343512,-0.11903665151793899
729,-156.8156648809228,878.3955316158958,1864.2131365161658,2000.0,0.01,-0.07821316360824826
730,-154.64864932805946,423.0907042442956,1085.0419762842303,994.5127148611601,0.01,-0.15108553004705585
731,-159.40850594742116,451.98659259349586,1049.659186128613,1036.318773159623,0.01,-0.19010276563576303
732,-153.2579464979333,469.77365421628247,1045.6536426018495,1037.5307515589623,3.9681760992379944,-0.042982999997016894
733,-152.91619747121874,393.5659809763568,1117.3586330822923,957.2481104143446,0.01,0.07757442618650093
734,-154.270118702746,429.18753147903647,1084.764375341788,995.9060271702875,0.01,-0.022173358236424866
735,-153.38959697945165,433.99560079644596,1081.0020912992422,998.6417263022686,2.017489768294084,0.030146997166036454
736,-153.56315701435858,425.4222784214807,1085.9482318508446,993.7560636229057,0.01,-0.15172185510869404
737,-152.94581684445112,429.576638240793,1083.680507706462,994.1482261583706,0.01,-0.07175839073539125
738,-149.97220544862114,442.3066154023411,1077.380644289592,998.3743490891086,1.321158576736408,0.13885340773869273
739,-156.22959149849558,458.35877765834886,1047.7811563992352,1036.5541715304694,0.01,-0.16857508612688957
740,-156.110506928095,427.5041131947645,1082.6247545928934,995.199650931811,0.01,0.021415023458167988
741,-160.70280989754562,460.93855698251167,1042.2730965766277,1048.400736773354,0.01,0.002591284376839053
742,-156.2684458184175,146.0730996083765,518.6477737576149,348.5455522887617,0.01,-0.03335135633475016
743,-158.5598517402728,443.943550760657,1060.3558849501283,1032.178376117402,0.825983514015566,0.0006185112303954928
744,-158.7423130804288,487.9510892117346,1020.9583058091165,1072.5768993609845,2.3400871851135823,0.18931288314594352
745,-152.89042461713237,424.79982112278907,1085.5172021234018,994.342603228718,0.01,-0.05481510942717177
746,-154.17348427922374,419.6924043091319,1092.6667307446173,984.3755084124242,0.022714615681132606,-0.007220116370454213
747,-152.56863844166054,432.4734587478793,1084.887881804969,991.3345688156127,2.7650017328132566,-0.03719708119787313
748,-149.94006114145893,413.0860822673202,1106.0808546860944,969.5517345816888,0.01,-0.0015036748937791008
749,-156.32438514480452,448.21577659544266,1058.425802415155,1025.1829130840813,0.01,0.07488776257762156
750,-148.32758373668315,422.04903176971254,1102.526447371918,972.5510266358582,0.01,0.009237697859725107
751,-151.2621276562785,405.7075278922952,1096.8208679701509,961.8435480140324,0.01,-0.14421870156462088
752,-151.0025751270714,408.59657144301815,1108.0378125614757,967.8204663209219,0.31277667361400463,0.02996422958430517
753,-157.690918666702,438.388471965349,1065.543528237501,1018.0268434592152,0.8564036674079282,-0.0654209669307302
754,-159.21138022332963,456.25339487311606,1054.6904834992417,1046.156868764336,0.01,0.004379313594716175
755,-148.5785182115469,415.0582617495572,1107.1108903771199,965.0208177392822,2.188701894890773,-0.12128014924319619
756,-148.83910152708577,412.4549228370705,1107.6851628185293,965.4067359183962,0.01,-0.11157685988844133
757,-154.64872826559585,422.29799416734835,1096.746357423884,995.2524135076033,0.01,0.13814468661710383
758,-155.76926677949947,445.98718389582746,1060.8664111961257,1023.848157158595,0.01,-0.07293324400396628
759,-153.44496477813664,409.14639547651456,1101.9329074550008,976.7715704054082,0.01,0.06599927269235617
760,-154.09272146360215,455.70959864208135,1086.7013355799847,1034.9643812540094,0.01,-0.2897944818841759
761,-158.89931216908334,446.04704529345145,1058.2713686711204,1026.5104425534935,0.01,0.01893631137146539
762,-147.09918649836436,399.92079087064695,1125.1620635236625,947.0929213265548,4.723280945496338,-0.01594092886589223
763,-148.8996472901517,386.9972444477886,1129.6553135355855,943.3499493372761,4.254037650921446,-0.03544960550372135
764,-151.60666293107573,394.84679920695373,1120.9730788458924,952.204106033517,2.5177561554852357,0.08549272070642727
765,-159.98096375464442,92.14370022305619,397.86304079016594,219.94988013374495,0.01,0.000315120160974545
766,-161.59710236507811,467.64377832944587,1032.5801700293014,1055.563160399819,4.086720478357963,-0.03326464642010537
767,-155.7517210554082,469.8579946014407,1043.3775386196721,1041.1871810728378,0.01,-0.01988685667193484
768,-160.84027564823208,447.06982554583146,1050.0302765155047,1037.0159234590099,1.267841309530152,-0.15371304110166603
769,-156.18546734414193,186.43291036509672,592.0085164000844,439.0322081307847,1.2519549908660748,-0.12146833654296664
770,-153.99874176065367,420.00958566322095,1092.4959003256351,985.5286681134014,0.01,-0.12341056956379957
771,-155.75856219426822,428.3544300803447,1079.2803178951867,1003.1412501566385,0.01,0.12288331275939121
772,-157.49497217747341,458.63422257484035,1048.277194093004,1033.0060841552124,0.01,-0.0852438003041634
773,-151.3855797331227,411.90979017055434,1112.9250800343161,963.3014247685031,0.01,-0.13409554964294268
774,-154.52656420043763,432.10467936081676,1082.2102462663681,1005.5194341580058,0.01,0.04434906189894773
775,-152.9192069004161,417.286915617663,1089.1453261138784,976.662869183461,0.01,0.10596232784023302
776,-154.58317548187492,424.1929242562923,1081.263862380023,998.3566828711904,0.01,0.08105765960830061
777,-158.3891737837736,471.45960034142206,1034.727874353962,1051.6701036920183,0.01,0.04113902914950577
778,-151.876787970613,432.8884531536244,1084.779498093943,994.6678082452966,0.01,0.13249519677216792
779,-153.9126604253403,438.74609153218944,1074.8798770956705,1004.5831464525495,2.4421365952516703,-0.11240421181035508
780,-161.57523134179326,449.47277719780794,1052.3712352845482,1034.3108172065242,0.01,0.021654967292055825
781,-152.54627903903588,441.43339819985846,1074.0258386737296,1005.2307857606166,0.01,0.08370099543404172
782,-157.17642324970728,433.47960133149456,1071.534516531383,1010.8377851199448,0.01,0.04615820680015685
783,-158.78326552790193,423.2190081275933,1081.3885635436834,1000.1852647647983,0.01,0.002041753568105437
784,-151.82641309092983,446.0354758637596,1072.7320202417338,1006.4049089069555,0.01,-0.0001869759153004187
785,-154.35751275321033,431.2256926277036,1082.69882262617,997.5218347977059,0.01,0.05859506093834662
786,-148.95277062243852,407.80360195972975,1116.7188737316562,959.4847952107652,0.01,-0.0215459585513725
787,-160.27195702920488,432.277429655767,1066.33389591057,1017.5212626677836,0.01,0.0851814992211122
788,-152.80415414923294,441.53942445064115,1068.8967419595072,1012.518570758312,3.5639804912086523,-0.08265491466818137
789,-153.58060643323918,442.8331608458764,1073.792482332204,1006.0928134015626,0.23456025064212627,0.01496945399830126
790,-152.43360473673178,415.3826644708529,1099.6844370309825,976.5361985373228,0.01,-0.12687234176785192
791,-155.3136337713578,461.1432773978247,1049.6581426184887,1033.6375238408068,2.5031839155286115,-0.01782364674561969
792,-157.15816251933182,440.8840053543357,1066.472506155469,1016.3602623759214,0.01,0.07264715857345909
793,-156.07240760488912,428.49338064881994,1076.8101277340722,1003.7614705160692,0.01,-0.0643368824403275
794,-157.47915558736705,446.8069705301159,1060.2909096561975,1026.4920322803516,0.01,-0.03919040077385605
795,-153.6348835622554,420.5515688155517,1103.4029665441722,988.3526215265955,0.9574413835072755,0.027247621270326188
796,-150.82690251385966,378.6127954816118,1136.7070998810195,933.4122415779741,0.01,-0.06318804582083756
797,-160.84413549403862,461.07344836185274,1041.7856399052248,1045.1020616068063,0.01,0.022210680696607695
798,-154.07717759478967,402.4571558609482,1108.2625893141283,968.0358592499243,0.01,0.012291857069850625
799,-150.03337586522352,394.66971486974256,1044.4400470770872,919.5861331553502,0.01,0.00596318079442269
800,-159.859860930036,475.79766934696534,1025.1413554723104,1061.9788012891772,0.01,0.18440273926932352
801,-148.96904581452605,426.7985208639353,1096.4908425145127,978.1929313774685,3.489009494653662,0.05342870203234914
802,-158.22476874993805,433.86562394833703,1067.6449817503312,1009.6080304602117,2.4798279658809856,-0.05740508203470708
803,-158.35245468033028,454.13893383453586,1055.2653987305455,1029.5423450256922,0.01,-0.06160552233062284
804,-149.10105219519576,400.12884399729575,1131.7903548005306,959.7020069160855,0.01,0.19893079903786992
805,-155.93157887514448,426.8667739630287,1080.4085022622749,1001.6363936136534,2.1485391208624183,0.07611870008810395
806,-157.98768689632072,408.214131381303,1093.1053254357805,982.2268399397054,2.906683189380979,0.06203465092411646
807,-160.45224445835373,456.01987430103924,1037.6860045438762,1051.8865953211016,2.2859198683890725,-0.001985604902800203
808,-152.87949076249862,416.44580972649817,1097.940563870506,978.5734635452932,0.01,0.011463961537345663
809,-157.8789978099351,485.29302681020414,1015.8852138064236,1067.65518065538,0.01,0.10306494161083918
810,-162.32067849745147,477.4396881469935,1020.0739113375641,1070.2084815815927,0.01,-0.11777828725186817
811,-155.5465302415173,429.3472502043093,1078.4891125134861,1003.7346530905658,0.01,-0.042853901328304383
812,-157.83276158167482,445.4608819598312,1056.7854303834836,1028.026741474239,3.7108566050689684,0.1332546831619511
813,-157.45195296106098,444.4273301742393,1063.8717831761335,1024.367488806561,2.313726967207805,0.03920054448236246
814,-162.8451210037521,506.1648884015699,987.4859955822086,1107.7538627146262,0.01,-0.05053964158933907
815,-161.19585215992834,459.63541501924067,1035.4435096412922,1053.546683576847,0.01,-0.025219716824205384
816,-149.117865362352,397.372948772793,1122.4698802091534,951.5062065700068,0.01,-0.10936715772062303
817,-156.9998554267987,429.7785707794347,1072.9626262903848,1008.8136435098473,0.01,-0.1432102736598757
818,-163.80208177424527,254.60312408693937,675.0838257793888,596.8095429819541,0.01,-0.07549706872887789
819,-154.0069698943261,429.2909270179244,1080.4302344683251,1000.9998665000556,0.01,-0.09549742339355079
820,-152.50829986009293,426.4718372561132,1098.8332131571176,988.4147868934523,0.01,-0.04820894656369311
821,-154.62931768755888,445.736929400364,1066.0046504909458,1016.2125967748045,0.7749650139476417,0.02050310642149798
822,-155.786766440247,448.4710952962649,1063.4223877330735,1022.8544323830041,2.236704657264221,0.1788836093644258
823,-155.06266875433136,440.5989955031314,1074.8649346701245,1003.2392614431461,2.1690772955840436,-0.039438478056932395
824,-152.45581291993057,410.0138485653442,1103.0327617615862,975.2685535902227,0.01,0.09390014224165769
825,-156.5763417733023,425.4149706612639,1079.3390177856336,1000.8885710745532,3.6951701542033213,-0.02028608947551025
826,-153.44628613564078,419.06073232586454,1092.785298097383,985.3123933895993,0.01,0.08955606495033215
827,-154.46022163035954,471.0952992134607,1064.5799435035694,1050.8600277454875,0.01,-0.08346656124344785
828,-154.04394997292485,416.299696448264,1091.271582225957,988.0552561365887,0.01,-0.04907741336569968
829,-157.4259848082515,450.7942144664139,1031.3429804630803,1022.1085896989249,0.01,0.09770461514038545
830,-154.9930451290443,447.86257306824683,1063.8191006409277,1019.2125226640626,0.01,0.10993246891241212
831,-155.4253763953321,459.35486577156604,1051.4738022041665,1033.414028268011,0.01,-0.024860814095687276
832,-153.59741316231356,414.43471961316357,1097.5548693492024,975.2318540835821,0.01,-0.01778751638947203
833,-158.69751541348253,431.5255481320243,1070.0501767745948,1012.2112770336086,0.01,-0.0980658001016839
834,-154.39193515779098,389.9009791317934,1123.549222396917,949.6862783098866,2.6801610082768255,0.04133558601883656
835,-156.5310002157271,427.8944979100212,1078.1816812300704,1003.0801973280508,0.01,0.15681616212208552
836,-151.26362407828407,494.7737401354693,1248.8315928778475,1151.046736378406,0.01,0.08038792490828703
837,-156.51846231496717,433.0738378960692,1074.3486652171885,1005.713727208192,2.4684566260614407,-0.13100395116809105
838,-153.8842687763004,427.3531899863526,1084.2163963479622,995.9829370392255,1.6320806301936281,0.08720229630650973
839,-151.37909505154983,444.99068794821824,1083.4406679508998,1006.2281233183173,0.01,0.11334853847077515
840,-157.04584198815326,433.59857675694826,1073.2586672367693,1008.215609074525,0.01,-0.054178350202766686
841,-154.3866387880313,413.6587365340419,1099.2644578012541,979.6590419128793,0.01,-0.09789188977975166
842,-153.5343508459808,420.8478027269535,1091.3785318012542,986.1820228434772,0.01,-0.15040856531038002
843,-151.04140335704136,427.14026586138965,1092.5345592197036,985.2687276607124,1.7749025872465192,-0.01424181708660638
844,-150.88696396932366,412.3614013082286,1107.611811811939,967.4476814116902,1.923984666079037,-0.0009102923292350397
845,-148.60563672346169,420.06376645514393,1107.634242814657,966.8166845597334,0.01,0.02688501560805443
846,-155.7116858388827,454.7741835492682,1055.3286565405497,1027.5976625232718,3.257415477942136,0.03823983407264943
847,-155.77752954407526,443.59693975751264,1064.9025147580144,1017.4090499553085,3.3664494211273617,0.042674048527971326
848,-150.6067961595525,419.94968166608106,1099.0308703254411,978.2205329941942,0.01,0.025403673199588715
849,-167.5200906099819,464.77413582063633,1018.478300023575,1074.0753713106033,0.01,-0.08113904108704463
850,-155.44207009336597,431.5706909538707,1078.9183376616704,1001.2019662392494,0.01,-0.12025283761571257
851,-149.96838732825535,427.00502916018826,1095.0629968095493,981.5030212795041,0.01,-0.14966657559147226
852,-154.46734886109328,420.7996523593757,1089.7838456641298,988.8814465987219,0.12734743549472705,-0.06930574256735444
853,-147.75019573985188,403.6142806941818,1116.7054870859401,955.459745562717,0.01,-0.11832455019077621
854,-158.92873308545165,447.11964876239364,1056.8718685636866,1029.4870317433579,0.01,0.14691629439718856
855,-151.36730497324436,428.6377803666344,1089.7601311211165,988.6095617339982,0.01,-0.07615092884678253
856,-152.21730590289096,428.21332400444317,1089.9055095254898,988.4088456593101,1.2225765426729618,-0.033028986579329914
857,-153.65994193400496,405.01183023184086,1109.5901274602431,966.0915895040397,0.7261876583408328,0.054251572765307045
858,-158.56695246355423,423.26937612115967,1074.5184036886,1010.2258182748978,0.01,0.004396508516100069
859,-155.82536539833563,414.47799513352555,1099.9739246666927,982.1845392244954,0.01,0.02392778322545854
860,-158.74941512768896,431.8864262847008,1070.0382819728204,1015.0606009308572,0.01,0.05395422302563139
861,-154.01207910219242,420.8107396456791,1091.53399298449,988.2876427597657,0.01,-0.08911639181591186
862,-149.48599375208127,392.59762753455055,1121.7738695277753,951.4027473051813,2.633032382108528,-0.05598637924877493
863,-158.07934149398776,429.2590434664046,1073.697508407481,1009.9126037058923,0.01,0.09911233037921395
864,-159.02932523604676,461.7572044768092,1051.782020455505,1041.3431358601872,0.01,0.1082915830254493
865,-153.93400344740718,430.0403543683441,1086.1395705446664,993.7229100435701,2.6956606312291487,0.08681414896650633
866,-157.11735800886478,464.5537952664607,1045.9890453235414,1035.2653317160725,0.01,-0.09564746914775613
867,-160.5770680910094,454.2406004247625,1042.550253846587,1044.5230177598673,0.01,0.08008438869447057
868,-156.34451666927987,453.2379099343612,1053.0746128363794,1031.7305141746938,0.01,0.07731097161000551
869,-148.90628478268678,411.98887636573386,1107.5888845283202,966.7258820200832,0.01,0.02826368591530753
870,-149.81672289636649,419.21935196683984,1110.2344701305926,978.0345428108565,0.01,-0.06100695187024333
871,-151.20630512376005,404.0784942409242,1113.0293362833481,966.0847554780671,2.3446866387971848,-0.12829794601586236
872,-159.2199192307915,431.1676695654652,1069.8847257391549,1014.9803691540462,2.444635832674173,-0.14010400935609504
873,-153.6121184916997,416.0677365180021,1097.1388471191046,982.3443851887175,1.8919346264655654,-0.12124798986017993
874,-152.6582945989503,425.9351130308689,1091.328215288942,986.9851580842777,0.3793045984528348,0.08548285333828702
875,-157.1602650467601,243.62271423381333,641.061939455967,551.1475185113609,0.01,0.06446694776059018
876,-149.94705402492545,404.14820341674033,1116.6685518964723,958.1870181162651,3.4399119463590977,0.07786441055717186
877,-154.59893678055374,434.2380818243503,1063.476834823389,994.1602659338071,0.7493188009919736,0.03307794546691983
878,-152.9543835537372,396.02447623323116,1115.286755734429,960.0197289504871,0.01,-0.035786615771167256
879,-154.37542436578124,463.0251069777503,1054.6031893915813,1038.9686714958455,0.01,-0.04872481322374767
880,-157.27347840270437,519.9651567731859,1257.6472360262994,1223.0722888470164,0.01,-0.13499309883028174
881,-145.5676628256232,388.5663509576162,1136.021551093627,932.407839544507,2.0865865032890705,-0.054161124592189594
882,-150.1167102129499,410.39668337477104,1108.7449857690294,966.1019019269401,1.3718525503513668,0.08106893813996034
883,-156.05113935237472,463.01806522499925,1049.354508391461,1034.908104421278,0.01,-0.0035143231110157254
884,-159.64779316447002,437.01068943344393,1061.9320343693805,1021.8174756593834,3.1708905690987605,0.0593933715164621
885,-160.25316600513926,494.19453623378274,1085.997991388521,1124.2336501537736,0.01,-0.04562418023876718
886,-157.32716938075595,410.39420192525023,1094.1295831937691,986.2853211405463,0.01,0.02600842168604334
887,-162.22135034317716,510.8758194081791,991.2591240023934,1109.7360992709382,0.01,-0.14087760573127747
888,-158.53518252040195,891.6905701771459,1773.6844136849536,2000.0,0.01,-0.103459731548323
889,-150.7349638554624,423.5960190112261,1099.0358254129906,982.988446010091,1.6531616336499988,0.13758582307071227
890,-154.2155880566084,418.193345513649,1086.976106285034,993.7317437047376,3.039403202572028,0.005194099845258018
891,-147.27584910370058,396.7125541486003,1121.5595437163422,947.4872220751608,0.01857991919086797,-0.041880921468564265
892,-149.27673600579874,383.6145545925939,1131.6086025919942,941.170886980207,2.146378708864,0.04713865128494003
893,-150.08647941212067,430.6202197419639,1090.4731362307864,985.0795599232265,0.01,0.01684681820228097
894,-160.04500328498827,486.0654711109017,1018.8141634405043,1071.503562246098,0.01,-0.14331976810122968
895,-155.92199622755237,467.12449595831754,1047.9379570989074,1034.5288053082859,0.01,-0.030443237003342623
896,-153.60371363554353,414.34340638102,1094.922111430107,982.7113810363977,0.014250400921784792,-0.11713579066135837
897,-159.0872124921068,473.76739445898994,1032.201119074938,1055.5153698314273,0.01,-0.019280492930417975
898,-156.30250504433607,454.8210359941909,1038.9137140864923,1026.3804468136689,0.01,0.08970050068516458
899,-149.45334013368745,449.7811185929382,1077.8981130929258,1006.022570868626,0.01,-0.07281629852825008
900,-152.23767515582327,414.29058338675276,1099.7243585286203,977.0751503011212,0.01,-0.004508171441040115
901,-156.11991362639466,429.4290872360247,1091.2686344044087,1010.3626104465718,0.01,0.028442878336984983
902,-160.8775101204908,440.291342876833,1057.407948620084,1024.234565622285,0.01,0.12485269200998664
903,-155.09844217065748,423.94822817179886,1082.6541694668654,996.7950810601983,4.182151911201993,0.011537510529203482
904,-153.53616652717807,461.4767077376704,1050.4229860737253,1027.6553859972928,0.01,0.20284967880119625
905,-153.26905913049816,418.3115814515098,1096.6722088206645,983.8113769359227,0.01,-0.08961677370714867
906,-158.00469264529372,435.1092510968258,1064.222871423277,1021.1097833118903,0.8484592156043572,0.024587560965250815
907,-153.8993292717277,441.7352168623318,1078.9668770752141,1010.8760664622109,0.01,-0.24800452235405274
908,-158.9017455228086,422.56081088220174,1084.7760017519659,998.5257187909936,0.01,-0.02252517023046384
909,-159.3931156223787,459.68978947807943,1037.4335274714913,1050.900746298976,0.01,-0.04855973118720028
910,-155.69521447767167,431.8301660950241,1077.6452628487816,1002.6227684464092,3.1571570391085326,-0.09064716667635264
911,-148.82285904291803,433.26220178457453,1090.1682654212075,987.6585845273464,0.01,-0.026537700324418784
912,-151.62458178741468,421.1469466002501,1100.7223334885684,973.7322084636143,0.01,-0.07895294089699745
913,-148.6827070996408,384.81842767624,1132.033535998424,941.526827958018,0.01,-0.09713194723705207
914,-155.35819144685144,425.5833273951134,1080.0575703077016,998.7393220939226,2.388469077772552,0.08078091315342789
915,-152.64538574430975,423.6581585276363,1089.425506065104,988.7118256567601,0.8486502077850345,0.08008346641866283
916,-160.82980888783834,880.4321274525157,1769.6727762061764,2000.0,0.01,-0.20120416700255114
917,-154.97502194705072,415.12552914194197,1105.1002871037983,991.33072489248,2.4315591302240787,0.12363240499633593
918,-161.91734527635722,492.5872646146369,1149.278610911091,1154.4589529699704,0.01,-0.042309415329262995
919,-157.64948244454362,426.76474875887595,1080.9441295006143,998.7659278730118,0.01,-0.18827920229170475
920,-150.84364794121163,403.60255243348007,1110.4423629680668,964.797843730406,3.7157455061121656,-0.09821125101010224
921,-155.23530080933733,454.94883428252115,1057.859265977712,1024.6320292743108,0.01,-0.01238267456990409
922,-150.73166285886688,436.15202037047,1084.694506166062,988.9843512121288,2.0086745244603947,0.026169715297662727
923,-149.86894266584278,397.6009343489245,1122.3839538138384,950.684833394965,0.01,0.03200961072858918
924,-158.4394333096895,479.099174802696,1027.8841779374184,1060.2163340838326,0.010117650560197661,0.01040392773008745
925,-159.49678662052594,426.3833410400159,1076.0920347135723,1006.1189632655058,1.6838167492121452,0.05088316242283683
926,-150.15468089899232,390.3058609650131,1130.4215833671035,943.3361254051277,0.01,0.05345371701958951
927,-163.65843765253774,150.02267231370612,442.949734716787,332.38126921243435,0.01,0.01768551072977361
928,-147.73561988054587,388.7079995323167,1137.7323259703646,940.3010473133693,1.0323588542960551,0.0931811995305459
929,-152.36919483221698,429.9676350210869,1088.9945255293621,987.2144748069735,1.7878703170158072,-0.11809679287431712
930,-159.20380193932212,473.4237169348247,1028.7482568941412,1062.403713643669,0.01,-0.0352227264770059
931,-156.47855245301065,457.09975562256346,1051.8752273908917,1031.375356203966,0.01,0.01891793903195754
932,-158.73411059873075,463.7449460206477,1039.9727826109136,1046.1486858117303,0.01,-0.10507264853789812
933,-155.1031662906265,426.12216971979393,1084.8778753851825,996.4747985611793,0.3021327451140094,0.04348974362557652
934,-155.7670336174361,444.88006315533033,1066.3090317497658,1020.5501044714651,0.01,0.0031384145107319966
935,-156.48963152619785,453.1259256455551,1058.998819912224,1028.7530267611555,0.01,0.16339554306220697
936,-149.34988787048513,393.1812978441734,1123.328985163609,948.9247436129889,0.01,-0.03838558232996289
937,-144.96976521657834,388.0788068461133,1142.5117999127522,927.0882774728193,2.7731923744592133,0.03359105123749865
938,-152.18596752364974,442.37553638524935,1075.6076485819237,1002.3068246194587,3.568470462983109,-0.045018627811587913
939,-154.80890961767412,433.1222266277428,1077.744802230504,1001.8747583193966,2.8298505792950004,0.09515897227980742
940,-148.6193724677753,399.10061780961547,1121.4287020910845,954.7423731705029,0.01,0.08243845634932509
941,-157.09048315476184,422.07928052583907,1082.9084314703184,997.6059414542336,2.771852214598104,0.04290800493162164
942,-159.39330822441718,467.22045949006,1037.4218718752752,1051.6163736304777,0.01,0.09578529941712471
943,-159.60964602446984,456.2727385596223,1039.9678088094613,1047.3126337030235,0.01,-0.07720952205069678
944,-155.64171672207252,463.4195862659961,1045.278951157202,1038.4283388676668,0.01,0.04961516805193849
945,-160.3030804620677,438.67784685419383,1063.3002213923182,1020.7167800531583,2.673038672162543,0.0016142701725833399
946,-156.45002246518075,446.34372408445637,1060.7446873406636,1021.5079207090436,0.01,-0.11481180896806831
947,-153.33970998047565,441.3822831776351,1072.6602888552577,1005.9532570081575,1.2821136509360358,0.08712397050061173
948,-154.5787272842535,457.37847473982976,1055.7971028898469,1028.0155785405425,0.3244659258470935,-0.012122303876961508
949,-160.64566466106504,699.6441835125573,1408.6940183096933,1560.5387185722752,0.01,-0.07382360019949583
950,-151.20627662348542,408.65247323348984,1109.6733951024205,967.0168962021953,3.905013953182197,-0.11573626562638681
951,-163.37998583225104,469.0660305010099,1028.0778809846618,1066.8600343013993,0.01,0.023364312341524886
952,-153.9061175891297,440.4794081827699,1147.593228351389,1043.1900784205022,2.0685727273840646,0.14195408414865684
953,-154.47971841502635,428.9229201845768,1080.6065727063824,996.3502704438974,0.01,-0.033595460919453764
954,-148.12441197237007,406.03698747404775,1116.0311196408834,958.071623237466,2.597773804799502,0.08190429470523272
955,-160.18621883226163,458.0533365906902,1041.5625076592307,1046.6422124181631,1.8193247422797223,0.11266182822256278
956,-161.51523155690762,479.8936810137201,1019.5972749406068,1072.3666439411109,0.01,-0.09175790584068977
957,-153.36299825109262,422.10442807413966,1093.8043283067934,985.2601512184717,0.01,0.045880072701687764
958,-155.24251320325857,410.59711259387655,1103.2947878435316,975.5645128761118,0.01,-0.04635709119927374
959,-154.67292673646062,454.8199760598246,1058.0643188494093,1024.1206916784433,0.01,0.09601017481110043
960,-153.10484985018618,418.8921096037954,1092.8090127552161,987.1246911515875,2.9273533499743496,-0.0924431420314428
961,-159.34383645223454,427.93676327056266,1071.7458258973772,1007.9986174943022,0.01,-0.08985777790742036
962,-152.33230991876547,420.2088353368216,1097.9135370111674,979.5646692193766,0.01,0.08614752702614366
963,-151.46552991457384,439.7388631315303,1103.6367770489674,1013.8635112976415,1.0775655255141752,0.14671393204697222
964,-154.63140800914874,454.8612620942264,1061.105889543302,1021.0476043095223,0.01,0.028784091830512868
965,-154.3967723808094,392.83876698981396,1116.0506355048137,960.9604216321444,0.01,0.008310387167668484
966,-156.85531632400117,471.1806236634923,1038.6364500812501,1048.4115130178793,1.89232565250551,-0.009423666098749077
967,-155.67624417882936,406.5900045833467,1098.7443555705474,976.4017184596211,0.01,-0.02709245304970806
968,-154.46189508866647,427.0193258396775,1086.195363950955,995.0806470056918,0.01,-0.08547655188301859
969,-155.63893134751874,432.1463767561732,1075.5510398873075,1007.822959596424,0.01,-0.0600802285243126
970,-151.62251955882198,438.04074846934094,1080.7704916211335,996.4829728573711,0.01,-0.0004427642977163505
971,-160.68787266868316,73.37393724523622,359.9573582913016,177.24404943964248,0.01,-0.011190530327075735
972,-157.46996508519015,437.93821252045706,1068.218296775365,1016.9352147109329,3.225611858168193,-0.006558537417678676
973,-152.94310662392846,419.9630448144063,1095.8483505164797,981.2064264539193,0.01,0.17181146408012035
974,-158.68478753365594,437.90683932272094,1065.1495723543912,1018.7730926570509,0.01,0.007403544108707334
975,-158.25852402487848,456.3351041272569,1055.9724040721048,1038.0496773552616,2.17077316054276,0.029367112959967343
976,-158.04212365643022,433.0284337360795,1072.2576582656238,1009.0670102207149,0.015869370385730268,0.01717143819606502
977,-150.57828757120308,392.9541972490355,1123.5938351437037,950.0917463029265,0.01,-0.17262602541871863
978,-152.80252448659536,402.5713057714311,1109.6235109613185,965.505690843485,2.4772810222231776,-0.09350349672685095
979,-165.3418782810192,471.9906691330805,1021.7245009871368,1073.0698266063978,0.01,-0.013665915355063802
980,-153.8305095611615,432.5666646306275,1079.6006454750166,996.0026139840454,2.415592994446556,-0.09050534499570743
981,-157.00177428153114,136.014383723133,513.0306586645127,334.6988497337072,0.01,-0.07608184127453761
982,-154.14964613706059,439.36236662836285,1075.341419946954,1004.9251692319616,0.01,-0.06296940149335387
983,-155.53527491119107,426.27059018977405,1079.909941018434,1002.3078872580203,0.01,-0.09114865716872061
984,-153.03014753758697,423.2073743559904,1094.0929103950537,984.4654871118489,0.01,0.025356183892172677
985,-150.6503545868919,416.2926262648013,1104.2993785944732,970.8204051214574,0.01,0.015112478418849426
986,-156.31796764418982,461.8971704293463,1047.0719766993493,1037.2881861392148,0.01,-0.03699026921871254
987,-155.71448146342414,407.4009288691056,1099.051767745441,981.0556420757346,0.017622170798758333,-0.06406486079006485
988,-163.1801953435285,469.2163571085618,996.9857096294021,1058.1270348776166,0.01,-0.04976081945801908
989,-155.05710292450206,437.9174394899815,1072.3721820544922,1007.1983787198826,1.9964023125308685,-0.14498290726741261
990,-152.59296167035833,408.4957222330444,1103.5895199275815,972.6826937956041,2.1812213161932426,-0.07421159389961292
991,-156.91846180994688,431.7795177763596,1074.2495614948014,1007.4187333985037,0.01,-0.10713222327245875
992,-152.01835238319376,438.86712973328446,1074.030115374553,1005.4636123910615,0.01,-0.034561757345678026
993,-149.15000763286943,429.83053338438776,1104.1633855940138,983.5429442370012,0.01,0.16174306017792542
994,-149.3326609832252,421.2647960680084,1097.253868543125,978.9923021284077,0.01,-0.05755704316924166
995,-160.97497341699562,401.60300933088934,1091.3027086024604,990.2223465369822,3.255418289147988,-0.10679954998334042
996,-160.2212463525909,431.9173334828638,1064.9250708075601,1019.7312635312926,4.17852360961545,0.009304093584838165
997,-161.73064532415913,914.348036297424,1637.8264326888052,2000.0,2.6375769886440787,-0.04399681037367845
998,-161.52307551552985,468.6593437415377,1031.4260563068863,1062.6438743589233,0.01,-0.01644065547071082
999,-154.5677229187511,417.0789897702929,1090.0238556881752,988.1700267676539,2.418196046001883,0.0583088457176525
